"raceDate";"R_name";"C_number";"C_name";"C_uuid";"P1";"PP";"place_cor";"C_numberOfRunners";"saddle";"ranking";"horseName";".pred_class";".pred_lose";".pred_win";"P1_pred";"C_time";"R_pmuNumber";"distance";"raceSpeciality";"jockeyName";"trainerName";"totalPrize";"driver_ratio_topp";"trainer_ratio_topp";"horse_ratio_topp";"mean_ratio_temps_last24_month_hipp";"mean_ratio_temps_last12_month";"first_d4";"deff4";"encore_def";"date_cheval_result_last1_p";"date_cheval_result_last2_p";"date_cheval_result_last3_p";"fav_ko_last";"outsider_last"
2023-11-25;"Reims";8;"Prix du Film La Chevauchée Sauvage";"8fe5535bf879913811b2fa8ce3b583c1";"lose";"lose";NA;14;"11";NA;"Kara de la Besvre";"lose";0,896632730960846;0,103367269039154;0,082074640589896;"20:30:00";4;"2550";"A";"M. Verva";"Mlle C. Leclercq";9075;0,217391304347826;0,155339805825243;0,25;197,817953703704;197,817953703704;0;0;0;0;0;1;0;0
2023-11-25;"Reims";8;"Prix du Film La Chevauchée Sauvage";"8fe5535bf879913811b2fa8ce3b583c1";"lose";"lose";NA;14;"9";NA;"Kunzite d'Em";"lose";0,966210544109344;0,0337894931435585;0,0268291939145828;"20:30:00";4;"2550";"A";"J. Koubiche";"A. Ripoll Rigo";8750;0,202380952380952;0,214285714285714;0,666666666666667;235,6725;235,6725;0;0;0;0;1;1;0;0
2023-11-25;"Reims";8;"Prix du Film La Chevauchée Sauvage";"8fe5535bf879913811b2fa8ce3b583c1";"lose";"lose";NA;14;"13";NA;"Kaysa de Thiezac";"lose";0,973321676254272;0,0266782604157925;0,0211828043397415;"20:30:00";4;"2550";"A";"F. Desmigneux";"P. Desmigneux";9300;0,253668763102725;0;0,0909090909090909;198,169;210,083805555556;0;0;0;0;0;0;0;0
2023-11-25;"Reims";8;"Prix du Film La Chevauchée Sauvage";"8fe5535bf879913811b2fa8ce3b583c1";"lose";"lose";NA;14;"10";NA;"Khaleesi de Gelbe";"lose";0,991904139518738;0,00809577014297247;0,00642812208312468;"20:30:00";4;"2550";"A";"F. Ducrocq";"F. Ducrocq";8960;0,121951219512195;0,261538461538462;0,181818181818182;198,9255;200,954632305195;0;0;0;0;0;0;0;0
2023-11-25;"Reims";8;"Prix du Film La Chevauchée Sauvage";"8fe5535bf879913811b2fa8ce3b583c1";"lose";"lose";NA;14;"5";NA;"Kelissa d'Ave";"lose";0,858369648456573;0,141630321741104;0,112455885326034;"20:30:00";4;"2550";"A";"PY. Verva";"PA. Rynwalt-Boulard";7500;0,302433371958285;0,2;0,5;197,285125;197,285125;0;0;0;1;1;0;0;0
2023-11-25;"Reims";8;"Prix du Film La Chevauchée Sauvage";"8fe5535bf879913811b2fa8ce3b583c1";"lose";"lose";NA;14;"12";NA;"Kira de Cahot";"lose";0,933937609195709;0,0660624280571938;0,0524542254979789;"20:30:00";4;"2550";"A";"F. Ouvrie";"A. Buisson";9130;0,250572082379863;0,28968253968254;0,153846153846154;202,8525;209,71925;0;0;0;1;0;0;0;0
2023-11-25;"Reims";8;"Prix du Film La Chevauchée Sauvage";"8fe5535bf879913811b2fa8ce3b583c1";"lose";"lose";NA;14;"7";NA;"Kemma des Loyaux";"lose";0,836649835109711;0,163350090384483;0,129701597839014;"20:30:00";4;"2550";"A";"JE. Abrivard";"M. Abrivard";7795;0,282352941176471;0,376395534290271;0,5;204,1035;204,1035;0;0;0;0;0;1;0;0
2023-11-25;"Reims";8;"Prix du Film La Chevauchée Sauvage";"8fe5535bf879913811b2fa8ce3b583c1";"lose";"lose";NA;14;"8";NA;"Karvina d'Ela";"lose";0,961947321891785;0,0380525924265385;0,030214137182428;"20:30:00";4;"2550";"A";"A. Blandin";"A. Buisson";8260;0,176470588235294;0,28968253968254;0,5;186,396;186,396;0;0;0;1;1;0;0;0
2023-11-25;"Reims";8;"Prix du Film La Chevauchée Sauvage";"8fe5535bf879913811b2fa8ce3b583c1";"lose";"lose";NA;14;"1";NA;"Kolyta du Chêne";"lose";0,991706848144531;0,00829316303133965;0,00658485400144208;"20:30:00";4;"2550";"A";"T. Le Beller";"R. Kuiper";6810;0,292418772563177;0,095959595959596;0,2;201,654;210,52735;0;0;0;0;0;0;0;0
2023-11-25;"Reims";8;"Prix du Film La Chevauchée Sauvage";"8fe5535bf879913811b2fa8ce3b583c1";"lose";"lose";NA;14;"3";NA;"Kettina du Cygne";"lose";0,980135977268219;0,0198640674352646;0,0157722672810989;"20:30:00";4;"2550";"A";"F. Giard";"F. Giard";7140;0,172727272727273;0,193548387096774;0,333333333333333;196,452;208,401;0;0;0;1;0;0;0;0
2023-11-25;"Reims";8;"Prix du Film La Chevauchée Sauvage";"8fe5535bf879913811b2fa8ce3b583c1";"lose";"lose";NA;14;"2";NA;"Karolène d'Etang";"lose";0,90857058763504;0,0914293825626373;0,0725958398914664;"20:30:00";4;"2550";"A";"G. Martin";"C. Bigeon";6965;0,215;0,254285714285714;0,4;215,01705;215,01705;0;0;0;0;1;0;0;0
2023-11-25;"Reims";8;"Prix du Film La Chevauchée Sauvage";"8fe5535bf879913811b2fa8ce3b583c1";"lose";"lose";NA;14;"4";NA;"Keria Fleury";"lose";0,99279397726059;0,0072059934027493;0,00572163049407628;"20:30:00";4;"2550";"A";"F. Rochette";"T. Partaix";7200;0,104651162790698;0,13953488372093;0,2;213,0405;213,0405;0;0;0;0;1;0;0;0
2023-11-25;"Reims";8;"Prix du Film La Chevauchée Sauvage";"8fe5535bf879913811b2fa8ce3b583c1";"lose";"lose";NA;14;"14";NA;"Katana Quick";"lose";0,5144864320755;0,485513597726822;0,385502629655837;"20:30:00";4;"2550";"A";"R. Derieux";"R. Derieux";9350;0,45083932853717;0,422374429223744;0,333333333333333;203,1973125;203,1973125;0;0;0;0;1;0;1;0
2023-11-25;"Reims";8;"Prix du Film La Chevauchée Sauvage";"8fe5535bf879913811b2fa8ce3b583c1";"lose";"lose";NA;14;"6";NA;"Kamila des Monts";"lose";0,933902323246002;0,0660976245999336;0,0524821719032795;"20:30:00";4;"2550";"A";"JC. Piton";"Y. Teerlinck";7670;0,170940170940171;0,230769230769231;0,5;194,93975;194,93975;0;0;0;0;0;1;0;0
2023-11-25;"Reims";2;"Grand Prix Zeturf";"a6198e3bfea10c9e34e59e3338d65be2";"lose";"lose";NA;13;"3";NA;"Goldwin Santigny";"lose";0,962327063083649;0,0376729071140289;0,0280729124112027;"17:17:00";4;"2550";"A";"G. Martin";"JM. Poelmans";67600;0,215;0,42;0,333333333333333;223,980049242424;223,980049242424;0;0;1;0;0;0;0;0
2023-11-25;"Reims";2;"Grand Prix Zeturf";"a6198e3bfea10c9e34e59e3338d65be2";"lose";"lose";NA;13;"4";NA;"Ghost de Beaulieu";"lose";0,997425615787506;0,00257431343197823;0,00191831427492877;"17:17:00";4;"2550";"A";"B. Rouer";"P. Rouer";75595;0,129032258064516;0,0571428571428571;0,125;191,4115;201,765583333333;0;0;0;0;0;0;0;0
2023-11-25;"Reims";2;"Grand Prix Zeturf";"a6198e3bfea10c9e34e59e3338d65be2";"lose";"lose";NA;13;"13";NA;"Harlem de l'Iton";"lose";0,821653783321381;0,178346171975136;0,132899126939605;"17:17:00";4;"2550";"A";"F. Ouvrie";"H. Levesque";102260;0,250572082379863;0,300613496932515;0,3125;223,822611285266;223,822611285266;0;0;0;1;1;0;0;0
2023-11-25;"Reims";2;"Grand Prix Zeturf";"a6198e3bfea10c9e34e59e3338d65be2";"lose";"lose";NA;13;"1";NA;"Histoire de Coeur";"lose";0,999573290348053;0,000426764658186585;0,000318014397805989;"17:17:00";4;"2550";"A";"M. Ionescu";"R. Derieux";40390;0,111111111111111;0,422374429223744;0,5;193,83825;212,8;0;0;0;1;0;0;0;0
2023-11-25;"Reims";2;"Grand Prix Zeturf";"a6198e3bfea10c9e34e59e3338d65be2";"lose";"lose";NA;13;"6";NA;"Hit Money";"lose";0,989502727985382;0,010497210547328;0,00782225994307071;"17:17:00";4;"2550";"A";"J. Koubiche";"R. Kuiper";83510;0,202380952380952;0,095959595959596;0,2;191,105;216,114653846154;0;0;1;0;1;0;0;0
2023-11-25;"Reims";2;"Grand Prix Zeturf";"a6198e3bfea10c9e34e59e3338d65be2";"lose";"lose";NA;13;"11";NA;"Hélali de Montceau";"lose";0,991905093193054;0,00809492915868759;0,00603213966362854;"17:17:00";4;"2550";"A";"F. Desmigneux";"GA. Pou Pou";101335;0,253668763102725;0,159090909090909;0,0952380952380952;216,635954365079;216,635954365079;0;0;0;0;0;0;0;0
2023-11-25;"Reims";2;"Grand Prix Zeturf";"a6198e3bfea10c9e34e59e3338d65be2";"lose";"lose";NA;13;"12";NA;"Hilda du Thyral";"lose";0,959785401821136;0,040214579552412;0,0299669034303913;"17:17:00";4;"2550";"A";"L. Abrivard";"L. Abrivard";101360;0,183606557377049;0,176744186046512;0,466666666666667;217,337527777778;217,337527777778;0;0;1;1;0;0;0;0
2023-11-25;"Reims";2;"Grand Prix Zeturf";"a6198e3bfea10c9e34e59e3338d65be2";"lose";"lose";NA;13;"10";NA;"Hidao de la Goutte";"lose";0,950590848922729;0,0494090691208839;0,0368184081348241;"17:17:00";4;"2550";"A";"T. Dromigny";"F. Wendling";101010;0,289099526066351;0,428571428571429;0,428571428571429;190,096125;215,275178571429;0;0;1;0;0;1;0;0
2023-11-25;"Reims";2;"Grand Prix Zeturf";"a6198e3bfea10c9e34e59e3338d65be2";"lose";"lose";NA;13;"8";NA;"Huron";"lose";0,693920910358429;0,306078970432281;0,228082428092118;"17:17:00";4;"2550";"A";"A. Laurent";"A. Laurent";90830;0,448979591836735;0,457627118644068;0,333333333333333;188,89125;216,266702380952;0;0;0;1;0;0;1;0
2023-11-25;"Reims";2;"Grand Prix Zeturf";"a6198e3bfea10c9e34e59e3338d65be2";"lose";"lose";NA;13;"5";NA;"Hadès de l'Iton";"lose";0,966566264629364;0,0334337614476681;0,0249140066057688;"17:17:00";4;"2550";"A";"B. Beaucamp";"H. Levesque";80530;0,225;0,300613496932515;0,125;191,4285;218,633977443609;0;0;1;0;1;0;0;0
2023-11-25;"Reims";2;"Grand Prix Zeturf";"a6198e3bfea10c9e34e59e3338d65be2";"lose";"lose";NA;13;"9";NA;"Historic Day";"lose";0,530200958251953;0,469799101352692;0,35008259339308;"17:17:00";4;"2550";"A";"J. Lebouteiller";"J. Lebouteiller";93380;0,28030303030303;0,271317829457364;0,333333333333333;225,241603846154;225,241603846154;0;0;1;1;1;0;0;0
2023-11-25;"Reims";2;"Grand Prix Zeturf";"a6198e3bfea10c9e34e59e3338d65be2";"lose";"lose";NA;13;"7";NA;"Harmonie de Brévol";"lose";0,810932636260986;0,189067453145981;0,140888358732469;"17:17:00";4;"2550";"A";"PY. Verva";"T. Raffegeau";90290;0,302433371958285;0,234817813765182;0,230769230769231;196,452;223,207272727273;0;0;1;0;0;0;0;0
2023-11-25;"Reims";2;"Grand Prix Zeturf";"a6198e3bfea10c9e34e59e3338d65be2";"lose";"lose";NA;13;"2";NA;"Héroïne Ringeat";"lose";0,983648717403412;0,0163512360304594;0,0121845339811074;"17:17:00";4;"2550";"A";"TE. Loncke";"T. Loncke";57930;0,307692307692308;0,32258064516129;0,461538461538462;188,904;209,876494117647;0;0;0;0;0;0;0;0
2023-11-25;"Reims";4;"Prix du Film Le Grand National";"ee286e5380936cf17da496c14b2ca3a6";"lose";"lose";NA;16;"15";NA;"Johar des Charmes";"lose";0,997507512569427;0,00249241711571813;0,00109823484501567;"18:27:00";4;"2575";"A";"Mlle E. Bouclet";"G. Horrach Vidal";22550;0;0,0416666666666667;0;193,96575;196,5285;0;0;0;0;0;0;0;0
2023-11-25;"Reims";4;"Prix du Film Le Grand National";"ee286e5380936cf17da496c14b2ca3a6";"lose";"lose";NA;16;"15";NA;"Johar des Charmes";"lose";0,997507512569427;0,00249241711571813;0,00109823484501567;"18:27:00";4;"2550";"A";"Mlle E. Bouclet";"G. Horrach Vidal";22550;0;0,0416666666666667;0;193,96575;196,5285;0;0;0;0;0;0;0;0
2023-11-25;"Reims";4;"Prix du Film Le Grand National";"ee286e5380936cf17da496c14b2ca3a6";"lose";"lose";NA;16;"14";NA;"Jiroko";"lose";0,969879031181335;0,0301210042089224;0,0132722312732037;"18:27:00";4;"2575";"A";"F. Guérineau";"A. Ripoll Rigo";22530;0,163461538461538;0,214285714285714;0;198,9765;191,3775;0;1;1;0;0;0;0;0
2023-11-25;"Reims";4;"Prix du Film Le Grand National";"ee286e5380936cf17da496c14b2ca3a6";"lose";"lose";NA;16;"14";NA;"Jiroko";"lose";0,969879031181335;0,0301210042089224;0,0132722312732037;"18:27:00";4;"2550";"A";"F. Guérineau";"A. Ripoll Rigo";22530;0,163461538461538;0,214285714285714;0;198,9765;191,3775;0;1;1;0;0;0;0;0
2023-11-25;"Reims";4;"Prix du Film Le Grand National";"ee286e5380936cf17da496c14b2ca3a6";"lose";"lose";NA;16;"4";NA;"Jolicoeur du Mirel";"lose";0,973617136478424;0,0263829380273819;0,0116251255349013;"18:27:00";4;"2575";"A";"F. Ouvrie";"Mme S. Vachet";8490;0,250572082379863;0,0588235294117647;0;201,4755;220,761857142857;0;0;1;0;0;0;0;0
2023-11-25;"Reims";4;"Prix du Film Le Grand National";"ee286e5380936cf17da496c14b2ca3a6";"lose";"lose";NA;16;"4";NA;"Jolicoeur du Mirel";"lose";0,973617136478424;0,0263829380273819;0,0116251255349013;"18:27:00";4;"2550";"A";"F. Ouvrie";"Mme S. Vachet";8490;0,250572082379863;0,0588235294117647;0;201,4755;220,761857142857;0;0;1;0;0;0;0;0
2023-11-25;"Reims";4;"Prix du Film Le Grand National";"ee286e5380936cf17da496c14b2ca3a6";"lose";"lose";NA;16;"9";NA;"Jiany Di Bruno";"lose";0,760429978370667;0,239569962024689;0,105561817263796;"18:27:00";4;"2575";"A";"R. Derieux";"R. Derieux";14210;0,45083932853717;0,422374429223744;0,166666666666667;206,601;205,519583333333;0;0;1;0;0;0;0;0
2023-11-25;"Reims";4;"Prix du Film Le Grand National";"ee286e5380936cf17da496c14b2ca3a6";"lose";"lose";NA;16;"9";NA;"Jiany Di Bruno";"lose";0,760429978370667;0,239569962024689;0,105561817263796;"18:27:00";4;"2550";"A";"R. Derieux";"R. Derieux";14210;0,45083932853717;0,422374429223744;0,166666666666667;206,601;205,519583333333;0;0;1;0;0;0;0;0
2023-11-25;"Reims";4;"Prix du Film Le Grand National";"ee286e5380936cf17da496c14b2ca3a6";"lose";"lose";NA;16;"12";NA;"Jasmin des Nielles";"lose";0,990378081798553;0,0096218166872859;0,0042396652998774;"18:27:00";4;"2575";"A";"A. Garandeau";"A. Garandeau";22405;0,158415841584158;0,16504854368932;0;214,555;214,555;0;0;0;0;1;0;0;0
2023-11-25;"Reims";4;"Prix du Film Le Grand National";"ee286e5380936cf17da496c14b2ca3a6";"lose";"lose";NA;16;"12";NA;"Jasmin des Nielles";"lose";0,990378081798553;0,0096218166872859;0,0042396652998774;"18:27:00";4;"2550";"A";"A. Garandeau";"A. Garandeau";22405;0,158415841584158;0,16504854368932;0;214,555;214,555;0;0;0;0;1;0;0;0
2023-11-25;"Reims";4;"Prix du Film Le Grand National";"ee286e5380936cf17da496c14b2ca3a6";"lose";"lose";NA;16;"6";NA;"Je Rêve de Bouère";"lose";0,750187873840332;0,249812051653862;0,110074793701647;"18:27:00";4;"2575";"A";"S. Poilane";"S. Poilane";9920;0,29559748427673;0,282828282828283;0,153846153846154;224,003456597222;224,003456597222;0;0;1;1;0;0;0;0
2023-11-25;"Reims";4;"Prix du Film Le Grand National";"ee286e5380936cf17da496c14b2ca3a6";"lose";"lose";NA;16;"6";NA;"Je Rêve de Bouère";"lose";0,750187873840332;0,249812051653862;0,110074793701647;"18:27:00";4;"2550";"A";"S. Poilane";"S. Poilane";9920;0,29559748427673;0,282828282828283;0,153846153846154;224,003456597222;224,003456597222;0;0;1;1;0;0;0;0
2023-11-25;"Reims";4;"Prix du Film Le Grand National";"ee286e5380936cf17da496c14b2ca3a6";"lose";"lose";NA;16;"13";NA;"Johny du Vivier";"win";0,168528154492378;0,831471860408783;0,366371809915866;"18:27:00";4;"2575";"A";"M. Coignard";"M. Coignard";22430;0,311475409836066;0,416666666666667;0,8;210,06034;210,06034;0;0;1;1;1;1;1;0
2023-11-25;"Reims";4;"Prix du Film Le Grand National";"ee286e5380936cf17da496c14b2ca3a6";"lose";"lose";NA;16;"13";NA;"Johny du Vivier";"win";0,168528154492378;0,831471860408783;0,366371809915866;"18:27:00";4;"2550";"A";"M. Coignard";"M. Coignard";22430;0,311475409836066;0,416666666666667;0,8;210,06034;210,06034;0;0;1;1;1;1;1;0
2023-11-25;"Reims";4;"Prix du Film Le Grand National";"ee286e5380936cf17da496c14b2ca3a6";"lose";"lose";NA;16;"16";NA;"Jet Spé";"lose";0,506092429161072;0,493907660245895;0,217630748593988;"18:27:00";4;"2575";"A";"PY. Verva";"F. Ducrocq";22880;0,302433371958285;0,261538461538462;0,375;226,2425;226,2425;0;0;1;0;0;0;0;0
2023-11-25;"Reims";4;"Prix du Film Le Grand National";"ee286e5380936cf17da496c14b2ca3a6";"lose";"lose";NA;16;"16";NA;"Jet Spé";"lose";0,506092429161072;0,493907660245895;0,217630748593988;"18:27:00";4;"2550";"A";"PY. Verva";"F. Ducrocq";22880;0,302433371958285;0,261538461538462;0,375;226,2425;226,2425;0;0;1;0;0;0;0;0
2023-11-25;"Reims";4;"Prix du Film Le Grand National";"ee286e5380936cf17da496c14b2ca3a6";"lose";"lose";NA;16;"10";NA;"Jumbo du Dome";"lose";0,75373113155365;0,246268853545189;0,108513552767616;"18:27:00";4;"2575";"A";"JC. Piton";"P. Daugeard";21330;0,170940170940171;0,314705882352941;0,307692307692308;223,717531882591;223,717531882591;0;0;1;0;1;0;0;0
2023-11-25;"Reims";4;"Prix du Film Le Grand National";"ee286e5380936cf17da496c14b2ca3a6";"lose";"lose";NA;16;"10";NA;"Jumbo du Dome";"lose";0,75373113155365;0,246268853545189;0,108513552767616;"18:27:00";4;"2550";"A";"JC. Piton";"P. Daugeard";21330;0,170940170940171;0,314705882352941;0,307692307692308;223,717531882591;223,717531882591;0;0;1;0;1;0;0;0
2023-11-25;"Reims";4;"Prix du Film Le Grand National";"ee286e5380936cf17da496c14b2ca3a6";"lose";"lose";NA;16;"11";NA;"Joueur du Metz";"lose";0,928138911724091;0,07186109572649;0,0316641860746889;"18:27:00";4;"2575";"A";"A. Muidebled";"A. Muidebled";22155;0,130081300813008;0,160839160839161;0,125;228,615160714286;228,615160714286;0;0;0;0;0;1;0;0
2023-11-25;"Reims";4;"Prix du Film Le Grand National";"ee286e5380936cf17da496c14b2ca3a6";"lose";"lose";NA;16;"11";NA;"Joueur du Metz";"lose";0,928138911724091;0,07186109572649;0,0316641860746889;"18:27:00";4;"2550";"A";"A. Muidebled";"A. Muidebled";22155;0,130081300813008;0,160839160839161;0,125;228,615160714286;228,615160714286;0;0;0;0;0;1;0;0
2023-11-25;"Reims";4;"Prix du Film Le Grand National";"ee286e5380936cf17da496c14b2ca3a6";"lose";"lose";NA;16;"8";NA;"Jibus de Godrel";"lose";0,985484540462494;0,0145154157653451;0,00639593400432846;"18:27:00";4;"2575";"A";"C. Criado";"F. Criado";11010;0,121495327102804;0,117647058823529;0,0833333333333333;222,47311875;222,47311875;0;0;0;0;0;0;0;0
2023-11-25;"Reims";4;"Prix du Film Le Grand National";"ee286e5380936cf17da496c14b2ca3a6";"lose";"lose";NA;16;"8";NA;"Jibus de Godrel";"lose";0,985484540462494;0,0145154157653451;0,00639593400432846;"18:27:00";4;"2550";"A";"C. Criado";"F. Criado";11010;0,121495327102804;0,117647058823529;0,0833333333333333;222,47311875;222,47311875;0;0;0;0;0;0;0;0
2023-11-25;"Reims";4;"Prix du Film Le Grand National";"ee286e5380936cf17da496c14b2ca3a6";"lose";"lose";NA;16;"5";NA;"Jay Zee Sautreuil";"lose";0,979566395282745;0,0204335488379002;0,00900364357137137;"18:27:00";4;"2575";"A";"M. Verva";"M. Verva";9470;0,217391304347826;0,232876712328767;0;199,053;215,7833;0;0;0;0;0;0;0;0
2023-11-25;"Reims";4;"Prix du Film Le Grand National";"ee286e5380936cf17da496c14b2ca3a6";"lose";"lose";NA;16;"5";NA;"Jay Zee Sautreuil";"lose";0,979566395282745;0,0204335488379002;0,00900364357137137;"18:27:00";4;"2550";"A";"M. Verva";"M. Verva";9470;0,217391304347826;0,232876712328767;0;199,053;215,7833;0;0;0;0;0;0;0;0
2023-11-25;"Reims";4;"Prix du Film Le Grand National";"ee286e5380936cf17da496c14b2ca3a6";"lose";"lose";NA;16;"1";NA;"Janeiro de Tilou";"lose";0,996232450008392;0,0037675357889384;0,00166009094431355;"18:27:00";4;"2575";"A";"C. Martens";"V. Martens";0;0,37785016286645;0,37007874015748;0;333;333;0;0;0;0;0;0;0;0
2023-11-25;"Reims";4;"Prix du Film Le Grand National";"ee286e5380936cf17da496c14b2ca3a6";"lose";"lose";NA;16;"1";NA;"Janeiro de Tilou";"lose";0,996232450008392;0,0037675357889384;0,00166009094431355;"18:27:00";4;"2550";"A";"C. Martens";"V. Martens";0;0,37785016286645;0,37007874015748;0;333;333;0;0;0;0;0;0;0;0
2023-11-25;"Reims";4;"Prix du Film Le Grand National";"ee286e5380936cf17da496c14b2ca3a6";"lose";"lose";NA;16;"3";NA;"Jupiter du Caux";"lose";0,977837383747101;0,0221626311540604;0,00976552986942803;"18:27:00";4;"2575";"A";"T. Le Beller";"M. Claeyssens";6990;0,292418772563177;0,0714285714285714;0,125;213,853883333333;213,853883333333;0;0;0;0;0;0;0;0
2023-11-25;"Reims";4;"Prix du Film Le Grand National";"ee286e5380936cf17da496c14b2ca3a6";"lose";"lose";NA;16;"3";NA;"Jupiter du Caux";"lose";0,977837383747101;0,0221626311540604;0,00976552986942803;"18:27:00";4;"2550";"A";"T. Le Beller";"M. Claeyssens";6990;0,292418772563177;0,0714285714285714;0,125;213,853883333333;213,853883333333;0;0;0;0;0;0;0;0
2023-11-25;"Reims";4;"Prix du Film Le Grand National";"ee286e5380936cf17da496c14b2ca3a6";"lose";"lose";NA;16;"7";NA;"Jive Boy";"lose";0,993113338947296;0,00688660051673651;0,00303444580102069;"18:27:00";4;"2575";"A";"B. Piton";"B. Piton";10050;0,16304347826087;0,227642276422764;0,0833333333333333;196,49025;211,964;0;0;0;0;0;0;0;0
2023-11-25;"Reims";4;"Prix du Film Le Grand National";"ee286e5380936cf17da496c14b2ca3a6";"lose";"lose";NA;16;"7";NA;"Jive Boy";"lose";0,993113338947296;0,00688660051673651;0,00303444580102069;"18:27:00";4;"2550";"A";"B. Piton";"B. Piton";10050;0,16304347826087;0,227642276422764;0,0833333333333333;196,49025;211,964;0;0;0;0;0;0;0;0
2023-11-25;"Reims";4;"Prix du Film Le Grand National";"ee286e5380936cf17da496c14b2ca3a6";"lose";"lose";NA;16;"2";NA;"Joachim de Blary";"lose";0,999799966812134;0,000200146270799451;8,81905389373671e-05;"18:27:00";4;"2575";"A";"E. Drees";"E. Drees";0;0;0;0;333;333;0;0;0;0;0;0;0;0
2023-11-25;"Reims";4;"Prix du Film Le Grand National";"ee286e5380936cf17da496c14b2ca3a6";"lose";"lose";NA;16;"2";NA;"Joachim de Blary";"lose";0,999799966812134;0,000200146270799451;8,81905389373671e-05;"18:27:00";4;"2550";"A";"E. Drees";"E. Drees";0;0;0;0;333;333;0;0;0;0;0;0;0;0
2023-11-25;"Reims";5;"Prix du Film Jappeloup";"448c316f089dd58c84a73c776fee59b0";"lose";"lose";NA;14;"3";NA;"Joyce du Ril";"lose";0,927452623844147;0,0725473836064339;0,0436461013943182;"19:00:00";4;"2550";"A";"R. Derieux";"R. Derieux";9490;0,45083932853717;0,422374429223744;0;234,588;234,588;0;0;0;0;1;1;0;0
2023-11-25;"Reims";5;"Prix du Film Jappeloup";"448c316f089dd58c84a73c776fee59b0";"lose";"lose";NA;14;"3";NA;"Joyce du Ril";"lose";0,927452623844147;0,0725473836064339;0,0436461013943182;"19:00:00";4;"2575";"A";"R. Derieux";"R. Derieux";9490;0,45083932853717;0,422374429223744;0;234,588;234,588;0;0;0;0;1;1;0;0
2023-11-25;"Reims";5;"Prix du Film Jappeloup";"448c316f089dd58c84a73c776fee59b0";"lose";"lose";NA;14;"10";NA;"Jalisca d'Arbaz";"lose";0,74845153093338;0,25154846906662;0,151337090887086;"19:00:00";4;"2550";"A";"F. Ouvrie";"F. Ouvrie";20410;0,250572082379863;0,244186046511628;0,571428571428571;229,096178571429;229,096178571429;0;0;0;1;0;1;0;0
2023-11-25;"Reims";5;"Prix du Film Jappeloup";"448c316f089dd58c84a73c776fee59b0";"lose";"lose";NA;14;"10";NA;"Jalisca d'Arbaz";"lose";0,74845153093338;0,25154846906662;0,151337090887086;"19:00:00";4;"2575";"A";"F. Ouvrie";"F. Ouvrie";20410;0,250572082379863;0,244186046511628;0,571428571428571;229,096178571429;229,096178571429;0;0;0;1;0;1;0;0
2023-11-25;"Reims";5;"Prix du Film Jappeloup";"448c316f089dd58c84a73c776fee59b0";"lose";"lose";NA;14;"14";NA;"Jet Set Roc";"lose";0,998399555683136;0,00160041800700128;0,000962846668403844;"19:00:00";4;"2550";"A";"D. Crespel";"D. Crespel";23200;0,1;0,131147540983607;0,25;197,0505;197,0505;0;0;0;0;0;0;0;0
2023-11-25;"Reims";5;"Prix du Film Jappeloup";"448c316f089dd58c84a73c776fee59b0";"lose";"lose";NA;14;"14";NA;"Jet Set Roc";"lose";0,998399555683136;0,00160041800700128;0,000962846668403844;"19:00:00";4;"2575";"A";"D. Crespel";"D. Crespel";23200;0,1;0,131147540983607;0,25;197,0505;197,0505;0;0;0;0;0;0;0;0
2023-11-25;"Reims";5;"Prix du Film Jappeloup";"448c316f089dd58c84a73c776fee59b0";"lose";"lose";NA;14;"6";NA;"Jolie de Mai";"lose";0,927725553512573;0,0722745284438133;0,0434819457280256;"19:00:00";4;"2550";"A";"M. Verva";"L. Verva";10975;0,217391304347826;0,211229946524064;0,181818181818182;218,83455;218,83455;0;0;1;0;0;0;0;0
2023-11-25;"Reims";5;"Prix du Film Jappeloup";"448c316f089dd58c84a73c776fee59b0";"lose";"lose";NA;14;"6";NA;"Jolie de Mai";"lose";0,927725553512573;0,0722745284438133;0,0434819457280256;"19:00:00";4;"2575";"A";"M. Verva";"L. Verva";10975;0,217391304347826;0,211229946524064;0,181818181818182;218,83455;218,83455;0;0;1;0;0;0;0;0
2023-11-25;"Reims";5;"Prix du Film Jappeloup";"448c316f089dd58c84a73c776fee59b0";"lose";"lose";NA;14;"9";NA;"Jazie Pont Vautier";"lose";0,936844706535339;0,0631552487611771;0,0379955865254562;"19:00:00";4;"2550";"A";"J. Vanmeerbeck";"V. Ciotola";20215;0,179640718562874;0,191693290734824;0,166666666666667;204,2295;215,158121875;1;1;0;0;0;0;0;0
2023-11-25;"Reims";5;"Prix du Film Jappeloup";"448c316f089dd58c84a73c776fee59b0";"lose";"lose";NA;14;"9";NA;"Jazie Pont Vautier";"lose";0,936844706535339;0,0631552487611771;0,0379955865254562;"19:00:00";4;"2575";"A";"J. Vanmeerbeck";"V. Ciotola";20215;0,179640718562874;0,191693290734824;0,166666666666667;204,2295;215,158121875;1;1;0;0;0;0;0;0
2023-11-25;"Reims";5;"Prix du Film Jappeloup";"448c316f089dd58c84a73c776fee59b0";"lose";"lose";NA;14;"7";NA;"Jélina des Racques";"lose";0,993902504444122;0,00609744666144252;0,00366835800275732;"19:00:00";4;"2550";"A";"C. Criado";"F. Criado";15250;0,121495327102804;0,117647058823529;0,0833333333333333;215,0904;215,0904;0;0;1;0;0;0;0;0
2023-11-25;"Reims";5;"Prix du Film Jappeloup";"448c316f089dd58c84a73c776fee59b0";"lose";"lose";NA;14;"7";NA;"Jélina des Racques";"lose";0,993902504444122;0,00609744666144252;0,00366835800275732;"19:00:00";4;"2575";"A";"C. Criado";"F. Criado";15250;0,121495327102804;0,117647058823529;0,0833333333333333;215,0904;215,0904;0;0;1;0;0;0;0;0
2023-11-25;"Reims";5;"Prix du Film Jappeloup";"448c316f089dd58c84a73c776fee59b0";"lose";"lose";NA;14;"4";NA;"Jolie Plante";"lose";0,997387111186981;0,00261287251487374;0,00157196156560624;"19:00:00";4;"2550";"A";"M. Bouchez";"M. Bouchez";10345;0,0428571428571429;0,0841121495327103;0,0666666666666667;226,473553571429;226,473553571429;0;0;1;0;0;0;0;0
2023-11-25;"Reims";5;"Prix du Film Jappeloup";"448c316f089dd58c84a73c776fee59b0";"lose";"lose";NA;14;"4";NA;"Jolie Plante";"lose";0,997387111186981;0,00261287251487374;0,00157196156560624;"19:00:00";4;"2575";"A";"M. Bouchez";"M. Bouchez";10345;0,0428571428571429;0,0841121495327103;0,0666666666666667;226,473553571429;226,473553571429;0;0;1;0;0;0;0;0
2023-11-25;"Reims";5;"Prix du Film Jappeloup";"448c316f089dd58c84a73c776fee59b0";"lose";"lose";NA;14;"8";NA;"Julia Wind";"lose";0,707800269126892;0,292199701070786;0,175793766037262;"19:00:00";4;"2550";"A";"PY. Verva";"PY. Verva";17185;0,302433371958285;0,285266457680251;0,4;193,902;218,528025;0;0;1;1;0;1;1;0
2023-11-25;"Reims";5;"Prix du Film Jappeloup";"448c316f089dd58c84a73c776fee59b0";"lose";"lose";NA;14;"8";NA;"Julia Wind";"lose";0,707800269126892;0,292199701070786;0,175793766037262;"19:00:00";4;"2575";"A";"PY. Verva";"PY. Verva";17185;0,302433371958285;0,285266457680251;0,4;193,902;218,528025;0;0;1;1;0;1;1;0
2023-11-25;"Reims";5;"Prix du Film Jappeloup";"448c316f089dd58c84a73c776fee59b0";"lose";"lose";NA;14;"5";NA;"Juanita du Bigre";"lose";0,833242118358612;0,166757881641388;0,100325208830498;"19:00:00";4;"2550";"A";"A. Laurent";"A. Laurent";10775;0,448979591836735;0,457627118644068;0;220,65125;220,65125;1;0;0;0;0;0;0;0
2023-11-25;"Reims";5;"Prix du Film Jappeloup";"448c316f089dd58c84a73c776fee59b0";"lose";"lose";NA;14;"5";NA;"Juanita du Bigre";"lose";0,833242118358612;0,166757881641388;0,100325208830498;"19:00:00";4;"2575";"A";"A. Laurent";"A. Laurent";10775;0,448979591836735;0,457627118644068;0;220,65125;220,65125;1;0;0;0;0;0;0;0
2023-11-25;"Reims";5;"Prix du Film Jappeloup";"448c316f089dd58c84a73c776fee59b0";"lose";"lose";NA;14;"13";NA;"Jutland";"lose";0,981495082378387;0,0185049306601286;0,011132973233995;"19:00:00";4;"2550";"A";"J. Koubiche";"L. Verva";23040;0,202380952380952;0,211229946524064;0,333333333333333;214,356880952381;214,356880952381;0;0;0;0;1;1;0;0
2023-11-25;"Reims";5;"Prix du Film Jappeloup";"448c316f089dd58c84a73c776fee59b0";"lose";"lose";NA;14;"13";NA;"Jutland";"lose";0,981495082378387;0,0185049306601286;0,011132973233995;"19:00:00";4;"2575";"A";"J. Koubiche";"L. Verva";23040;0,202380952380952;0,211229946524064;0,333333333333333;214,356880952381;214,356880952381;0;0;0;0;1;1;0;0
2023-11-25;"Reims";5;"Prix du Film Jappeloup";"448c316f089dd58c84a73c776fee59b0";"lose";"lose";NA;14;"11";NA;"Jadore Cerize";"lose";0,61404937505722;0,385950714349747;0,232196437339536;"19:00:00";4;"2550";"A";"JE. Abrivard";"M. Abrivard";22210;0,282352941176471;0,376395534290271;0,571428571428571;221,35180952381;221,35180952381;0;1;0;0;1;1;0;0
2023-11-25;"Reims";5;"Prix du Film Jappeloup";"448c316f089dd58c84a73c776fee59b0";"lose";"lose";NA;14;"11";NA;"Jadore Cerize";"lose";0,61404937505722;0,385950714349747;0,232196437339536;"19:00:00";4;"2575";"A";"JE. Abrivard";"M. Abrivard";22210;0,282352941176471;0,376395534290271;0,571428571428571;221,35180952381;221,35180952381;0;1;0;0;1;1;0;0
2023-11-25;"Reims";5;"Prix du Film Jappeloup";"448c316f089dd58c84a73c776fee59b0";"lose";"lose";NA;14;"2";NA;"Juturna";"lose";0,977191567420959;0,0228084921836853;0,0137220904878002;"19:00:00";4;"2550";"A";"A. Popot";"JF. Popot";7690;0,246753246753247;0,233009708737864;0,0769230769230769;225,351522135417;225,351522135417;0;1;0;0;0;0;0;0
2023-11-25;"Reims";5;"Prix du Film Jappeloup";"448c316f089dd58c84a73c776fee59b0";"lose";"lose";NA;14;"2";NA;"Juturna";"lose";0,977191567420959;0,0228084921836853;0,0137220904878002;"19:00:00";4;"2575";"A";"A. Popot";"JF. Popot";7690;0,246753246753247;0,233009708737864;0,0769230769230769;225,351522135417;225,351522135417;0;1;0;0;0;0;0;0
2023-11-25;"Reims";5;"Prix du Film Jappeloup";"448c316f089dd58c84a73c776fee59b0";"lose";"lose";NA;14;"12";NA;"Jibilie du Damier";"lose";0,745362043380737;0,25463792681694;0,153195776611102;"19:00:00";4;"2550";"A";"T. Dromigny";"JR. Delliaux";22280;0,289099526066351;0,311965811965812;0,3125;191,403;220,771526960784;0;0;1;0;1;0;0;0
2023-11-25;"Reims";5;"Prix du Film Jappeloup";"448c316f089dd58c84a73c776fee59b0";"lose";"lose";NA;14;"12";NA;"Jibilie du Damier";"lose";0,745362043380737;0,25463792681694;0,153195776611102;"19:00:00";4;"2575";"A";"T. Dromigny";"JR. Delliaux";22280;0,289099526066351;0,311965811965812;0,3125;191,403;220,771526960784;0;0;1;0;1;0;0;0
2023-11-25;"Reims";5;"Prix du Film Jappeloup";"448c316f089dd58c84a73c776fee59b0";"lose";"lose";NA;14;"1";NA;"Javanaise du Ganep";"lose";0,948522746562958;0,0514772683382034;0,0309698566881535;"19:00:00";4;"2550";"A";"L. Verva";"L. Verva";7250;0,191693290734824;0,211229946524064;0,25;231,053242424242;231,053242424242;0;0;1;0;1;1;0;0
2023-11-25;"Reims";5;"Prix du Film Jappeloup";"448c316f089dd58c84a73c776fee59b0";"lose";"lose";NA;14;"1";NA;"Javanaise du Ganep";"lose";0,948522746562958;0,0514772683382034;0,0309698566881535;"19:00:00";4;"2575";"A";"L. Verva";"L. Verva";7250;0,191693290734824;0,211229946524064;0,25;231,053242424242;231,053242424242;0;0;1;0;1;1;0;0
2023-11-25;"Reims";3;"Prix du Film En Equilibre";"a5348fc7463872ba62adb049652e6016";"lose";"lose";NA;14;"1";NA;"Idéal du Biston";"lose";0,945622384548187;0,0543776154518127;0,0273994821911189;"17:52:00";4;"2550";"A";"J. Koubiche";"J. Koubiche";53250;0,202380952380952;0,206225680933852;0,0833333333333333;199,767;209,93425;0;0;1;0;0;0;0;0
2023-11-25;"Reims";3;"Prix du Film En Equilibre";"a5348fc7463872ba62adb049652e6016";"lose";"lose";NA;14;"2";NA;"Ilot du Trieux";"lose";0,935204803943634;0,0647951513528824;0,0326486106610799;"17:52:00";4;"2550";"A";"J. Vanmeerbeck";"J. Vanmeerbeck";54075;0,179640718562874;0,192771084337349;0,363636363636364;193,921125;202,871777950311;0;0;1;0;0;0;0;0
2023-11-25;"Reims";3;"Prix du Film En Equilibre";"a5348fc7463872ba62adb049652e6016";"lose";"lose";NA;14;"13";NA;"Incrédible Go";"lose";0,921400904655457;0,0785990878939629;0,0396040593375639;"17:52:00";4;"2550";"A";"T. Dromigny";"E. Gout";58650;0,289099526066351;0,195121951219512;0,214285714285714;198,951;215,534561912226;0;0;1;1;0;0;0;0
2023-11-25;"Reims";3;"Prix du Film En Equilibre";"a5348fc7463872ba62adb049652e6016";"lose";"lose";NA;14;"8";NA;"Izijal";"lose";0,858451545238495;0,141548424959183;0,0713226116413085;"17:52:00";4;"2550";"A";"B. Barassin";"B. Barassin";56755;0,120689655172414;0,184210526315789;0,222222222222222;192,58875;217,457512820513;0;0;1;1;0;0;0;0
2023-11-25;"Reims";3;"Prix du Film En Equilibre";"a5348fc7463872ba62adb049652e6016";"lose";"lose";NA;14;"10";NA;"Ipocalypse Love";"lose";0,955532252788544;0,0444677136838436;0,0224061375078122;"17:52:00";4;"2550";"A";"R. Congard";"Mlle C. Chassagne";56910;0,2398753894081;0,157142857142857;0,0909090909090909;193,953;205,904433333333;0;0;0;0;0;0;0;0
2023-11-25;"Reims";3;"Prix du Film En Equilibre";"a5348fc7463872ba62adb049652e6016";"lose";"lose";NA;14;"4";NA;"Isco de Corday";"lose";0,911440253257751;0,0885597616434097;0,0446229867168155;"17:52:00";4;"2550";"A";"F. Ouvrie";"JF. Senet";55855;0,250572082379863;0,227941176470588;0;193,851;226,619375;0;0;1;0;1;0;0;0
2023-11-25;"Reims";3;"Prix du Film En Equilibre";"a5348fc7463872ba62adb049652e6016";"lose";"lose";NA;14;"5";NA;"Initiale Macha";"lose";0,989424407482147;0,0105755515396595;0,00532874848712221;"17:52:00";4;"2550";"A";"L. Piton";"G. Lefebvre";56260;0,204301075268817;0,0970149253731343;0,04;193,0095;207,971183333333;0;0;0;0;0;0;0;0
2023-11-25;"Reims";3;"Prix du Film En Equilibre";"a5348fc7463872ba62adb049652e6016";"lose";"lose";NA;14;"11";NA;"Idéal du Digeon";"lose";0,722510755062103;0,277489215135574;0,139819680307097;"17:52:00";4;"2550";"A";"PY. Verva";"T. Raffegeau";57425;0,302433371958285;0,234817813765182;0,285714285714286;218,078516666667;218,078516666667;0;0;0;1;1;0;0;0
2023-11-25;"Reims";3;"Prix du Film En Equilibre";"a5348fc7463872ba62adb049652e6016";"lose";"lose";NA;14;"6";NA;"In Race Lorraine";"lose";0,998637139797211;0,00136283994652331;0,0006867000057625;"17:52:00";4;"2550";"A";"D. Crespel";"GA. Pou Pou";56545;0,1;0,159090909090909;0,25;201,654;209,324525;0;0;0;0;0;0;0;0
2023-11-25;"Reims";3;"Prix du Film En Equilibre";"a5348fc7463872ba62adb049652e6016";"lose";"lose";NA;14;"12";NA;"Indice d'Argent";"lose";0,863162994384766;0,136837035417557;0,0689486635972719;"17:52:00";4;"2550";"A";"JE. Abrivard";"M. Abrivard";58590;0,282352941176471;0,376395534290271;0,333333333333333;221,55025;221,55025;0;0;0;1;0;0;0;0
2023-11-25;"Reims";3;"Prix du Film En Equilibre";"a5348fc7463872ba62adb049652e6016";"lose";"lose";NA;14;"7";NA;"Impress Me";"lose";0,917716979980469;0,0822830721735954;0,0414603242881961;"17:52:00";4;"2550";"A";"M. Verva";"C. Mirandel";56750;0,217391304347826;0,138888888888889;0,153846153846154;210,148522727273;210,148522727273;0;0;1;1;0;0;0;0
2023-11-25;"Reims";3;"Prix du Film En Equilibre";"a5348fc7463872ba62adb049652e6016";"lose";"lose";NA;14;"9";NA;"In You";"lose";0,707768738269806;0,292231231927872;0,147247803500908;"17:52:00";4;"2550";"A";"A. Popot";"JF. Popot";56860;0,246753246753247;0,233009708737864;0,416666666666667;205,532339285714;205,532339285714;0;0;1;0;1;1;0;0
2023-11-25;"Reims";3;"Prix du Film En Equilibre";"a5348fc7463872ba62adb049652e6016";"lose";"lose";NA;14;"3";NA;"Indian Horse";"win";0,425560384988785;0,574439525604248;0,289445306141016;"17:52:00";4;"2550";"A";"F. Desmigneux";"BJ. Crebas";54685;0,253668763102725;0,351145038167939;0,631578947368421;186,3795;202,524;0;0;1;0;0;1;0;0
2023-11-25;"Reims";3;"Prix du Film En Equilibre";"a5348fc7463872ba62adb049652e6016";"lose";"lose";NA;14;"14";NA;"Iggy des Rioults";"lose";0,86294424533844;0,137055784463882;0,069058885616927;"17:52:00";4;"2550";"A";"G. Houel";"G. Houel";58925;0,2;0,260869565217391;0,384615384615385;196,503;223,568138888889;0;0;0;0;1;1;0;0
2023-11-25;"Reims";6;"Prix du Film L'Homme Qui Murmurait à l'Oreille des Chevaux";"d7568aae5f72bd3ebefcc57d16d0b990";"lose";"lose";NA;14;"14";NA;"Kid de la Banio";"lose";0,897836089134216;0,102163963019848;0,0796307609469263;"19:30:00";4;"2550";"A";"J. Raffestin";"J. Raffestin";9400;0,256484149855908;0,271493212669683;0,5;208,100083333333;208,100083333333;0;0;0;0;1;0;0;0
2023-11-25;"Reims";6;"Prix du Film L'Homme Qui Murmurait à l'Oreille des Chevaux";"d7568aae5f72bd3ebefcc57d16d0b990";"lose";"lose";NA;14;"12";NA;"Kentucky First";"lose";0,712718605995178;0,287281423807144;0,223918862458723;"19:30:00";4;"2550";"A";"PY. Verva";"JL. Dersoir";8790;0,302433371958285;0,260869565217391;0,666666666666667;177,919666666667;177,919666666667;0;0;0;1;1;0;0;0
2023-11-25;"Reims";6;"Prix du Film L'Homme Qui Murmurait à l'Oreille des Chevaux";"d7568aae5f72bd3ebefcc57d16d0b990";"lose";"lose";NA;14;"13";NA;"Konquistador";"lose";0,809275448322296;0,190724581480026;0,148658520143624;"19:30:00";4;"2550";"A";"F. Giard";"F. Giard";9350;0,172727272727273;0,193548387096774;1;217,415;217,415;0;0;0;1;1;0;0;0
2023-11-25;"Reims";6;"Prix du Film L'Homme Qui Murmurait à l'Oreille des Chevaux";"d7568aae5f72bd3ebefcc57d16d0b990";"lose";"lose";NA;14;"4";NA;"Kiss You Piya";"lose";0,944596290588379;0,0554036572575569;0,0431838708704443;"19:30:00";4;"2550";"A";"T. Le Beller";"Mme N. Viel-Pierre";7445;0,292418772563177;0,283687943262411;0,4;214,25678125;214,25678125;0;0;0;0;0;1;0;0
2023-11-25;"Reims";6;"Prix du Film L'Homme Qui Murmurait à l'Oreille des Chevaux";"d7568aae5f72bd3ebefcc57d16d0b990";"lose";"lose";NA;14;"11";NA;"Kashmir Syga";"lose";0,829587280750275;0,170412614941597;0,132826544719282;"19:30:00";4;"2550";"A";"A. Laurent";"A. Laurent";8720;0,448979591836735;0,457627118644068;0;199,104;212,153666666667;0;0;0;0;0;0;0;0
2023-11-25;"Reims";6;"Prix du Film L'Homme Qui Murmurait à l'Oreille des Chevaux";"d7568aae5f72bd3ebefcc57d16d0b990";"lose";"lose";NA;14;"8";NA;"Kiwi de Blay";"lose";0,969224154949188;0,0307758096605539;0,0239879216661903;"19:30:00";4;"2550";"A";"B. Le Beller";"Mme E. Le Beller";8075;0,325471698113208;0,196428571428571;0,142857142857143;209,013541666667;209,013541666667;0;0;0;0;0;1;0;0
2023-11-25;"Reims";6;"Prix du Film L'Homme Qui Murmurait à l'Oreille des Chevaux";"d7568aae5f72bd3ebefcc57d16d0b990";"lose";"lose";NA;14;"3";NA;"Karynndo Robsen";"lose";0,967846632003784;0,0321533121168613;0,0250616032811127;"19:30:00";4;"2550";"A";"L. Verva";"L. Verva";6960;0,191693290734824;0,211229946524064;0,5;216,83447;216,83447;0;0;0;0;1;1;0;0
2023-11-25;"Reims";6;"Prix du Film L'Homme Qui Murmurait à l'Oreille des Chevaux";"d7568aae5f72bd3ebefcc57d16d0b990";"lose";"lose";NA;14;"10";NA;"Kenzo Dairpet";"lose";0,884329378604889;0,115670621395111;0,0901584015403461;"19:30:00";4;"2550";"A";"F. Desmigneux";"P. Daugeard";8190;0,253668763102725;0,314705882352941;0,285714285714286;209,2275;214,420673611111;0;0;0;0;0;1;1;0
2023-11-25;"Reims";6;"Prix du Film L'Homme Qui Murmurait à l'Oreille des Chevaux";"d7568aae5f72bd3ebefcc57d16d0b990";"lose";"lose";NA;14;"1";NA;"Korléon";"lose";0,990228891372681;0,00977112911641598;0,00761601668388403;"19:30:00";4;"2550";"A";"B. Piton";"P. Godey";6500;0,16304347826087;0,206422018348624;0,125;208,243025510204;208,243025510204;0;0;0;0;0;0;0;0
2023-11-25;"Reims";6;"Prix du Film L'Homme Qui Murmurait à l'Oreille des Chevaux";"d7568aae5f72bd3ebefcc57d16d0b990";"lose";"lose";NA;14;"2";NA;"Kazachok d'Etang";"lose";0,99534010887146;0,00465994887053967;0,00363215427011923;"19:30:00";4;"2550";"A";"G. Martin";"CJ. Bigeon";6575;0,215;0,22;0,25;219,8688125;219,8688125;0;0;0;0;0;1;0;0
2023-11-25;"Reims";6;"Prix du Film L'Homme Qui Murmurait à l'Oreille des Chevaux";"d7568aae5f72bd3ebefcc57d16d0b990";"lose";"lose";NA;14;"9";NA;"Kenzo de la Criere";"lose";0,999046146869659;0,000953835260588676;0,000743458117457033;"19:30:00";4;"2550";"A";"R. Hémery";"X. Decaudin";8140;0,0526315789473684;0,201298701298701;0,6;210,168633333333;210,168633333333;0;0;0;1;1;1;0;0
2023-11-25;"Reims";6;"Prix du Film L'Homme Qui Murmurait à l'Oreille des Chevaux";"d7568aae5f72bd3ebefcc57d16d0b990";"lose";"lose";NA;14;"6";NA;"King Elvis";"lose";0,870083212852478;0,129916727542877;0,101262397896252;"19:30:00";4;"2550";"A";"F. Ouvrie";"J. Niskanen";7670;0,250572082379863;0,205882352941176;1;172,66;172,66;0;0;0;1;1;0;1;0
2023-11-25;"Reims";6;"Prix du Film L'Homme Qui Murmurait à l'Oreille des Chevaux";"d7568aae5f72bd3ebefcc57d16d0b990";"lose";"lose";NA;14;"7";NA;"Kaporal de Viette";"lose";0,991934180259705;0,00806579738855362;0,00628681155966391;"19:30:00";4;"2550";"A";"A. Garandeau";"J. Blavette";7945;0,158415841584158;0,108108108108108;0,166666666666667;209,25575;209,25575;0;0;0;0;0;0;0;0
2023-11-25;"Reims";6;"Prix du Film L'Homme Qui Murmurait à l'Oreille des Chevaux";"d7568aae5f72bd3ebefcc57d16d0b990";"lose";"lose";NA;14;"5";NA;"Kedermann";"lose";0,854982316493988;0,14501765370369;0,113032675845975;"19:30:00";4;"2550";"A";"T. Dromigny";"J. Lesne";7670;0,289099526066351;0,217391304347826;1;158;158;0;0;0;1;1;0;1;0
2023-11-25;"Reims";7;"Prix du Film Danse Avec Lui";"e755b81f685f98907aaadc3bb1615593";"lose";"lose";NA;10;"8";NA;"Jewel d'Auchy";"lose";0,9957235455513;0,00427656015381217;0,00223892465325398;"20:00:00";4;"2550";"M";"A. Thollas";"Mlle C. Leclercq";19710;0,0625;0,142857142857143;0;178,884897970779;178,884897970779;0;0;0;0;0;0;0;0
2023-11-25;"Reims";7;"Prix du Film Danse Avec Lui";"e755b81f685f98907aaadc3bb1615593";"lose";"lose";NA;10;"10";NA;"Just Be Good";"lose";0,517882108688354;0,482117891311646;0,252405109202137;"20:00:00";4;"2550";"M";"Mlle E. Callier";"O. Bizoux";22990;0,317647058823529;0,571428571428571;0,666666666666667;209,145708333333;209,145708333333;0;0;1;0;1;0;0;0
2023-11-25;"Reims";7;"Prix du Film Danse Avec Lui";"e755b81f685f98907aaadc3bb1615593";"lose";"lose";NA;10;"4";NA;"Jade du Locheur";"lose";0,958951771259308;0,0410482324659824;0,021490145428836;"20:00:00";4;"2550";"M";"F. Wartel";"H. Grift";13510;0,153846153846154;0,416666666666667;0,333333333333333;210,860333333333;210,860333333333;0;0;1;0;0;1;0;0
2023-11-25;"Reims";7;"Prix du Film Danse Avec Lui";"e755b81f685f98907aaadc3bb1615593";"lose";"lose";NA;10;"7";NA;"Jojo du Dancing";"lose";0,77852463722229;0,221475303173065;0,115949851873136;"20:00:00";4;"2550";"M";"Mlle CE. Lemaire";"JF. Senet";18330;0,318681318681319;0,392523364485981;0,25;209,6975;209,6975;0;0;1;0;0;0;0;0
2023-11-25;"Reims";7;"Prix du Film Danse Avec Lui";"e755b81f685f98907aaadc3bb1615593";"lose";"lose";NA;10;"2";NA;"Johanna Gemini";"lose";0,961195647716522;0,0388043820858002;0,0203154134588144;"20:00:00";4;"2550";"M";"Mlle A. Gervais";"A. André";9120;0,189189189189189;0,240740740740741;0,181818181818182;210,411787878788;210,411787878788;0;0;1;0;0;0;0;0
2023-11-25;"Reims";7;"Prix du Film Danse Avec Lui";"e755b81f685f98907aaadc3bb1615593";"lose";"lose";NA;10;"9";NA;"Jerry Boy";"lose";0,72113436460495;0,278865486383438;0,145995564180006;"20:00:00";4;"2550";"M";"M. Champenois";"Y. Dreux";22600;0,25;0,254545454545455;0;188,648195297619;188,648195297619;0;0;0;0;0;1;0;0
2023-11-25;"Reims";7;"Prix du Film Danse Avec Lui";"e755b81f685f98907aaadc3bb1615593";"lose";"lose";NA;10;"1";NA;"Joker de la Vitar";"lose";0,98179692029953;0,0182029716670513;0,00952987460997489;"20:00:00";4;"2550";"M";"Mlle E. Bouclet";"M. Bouchez";8600;0,215189873417722;0,108695652173913;0;206,601;206,601;0;0;1;0;0;0;0;0
2023-11-25;"Reims";7;"Prix du Film Danse Avec Lui";"e755b81f685f98907aaadc3bb1615593";"lose";"lose";NA;10;"5";NA;"Jivago du Riler";"lose";0,606861650943756;0,393138319253922;0,205821277722895;"20:00:00";4;"2550";"M";"J. Maillard";"T. Devouassoux";14860;0,171428571428571;0,35;0,444444444444444;202,61855952381;202,61855952381;0;0;0;0;1;1;0;0
2023-11-25;"Reims";7;"Prix du Film Danse Avec Lui";"e755b81f685f98907aaadc3bb1615593";"lose";"lose";NA;10;"6";NA;"Jack de Muze";"lose";0,620500683784485;0,379499197006226;0,198680733465171;"20:00:00";4;"2550";"M";"Mlle E. Croisic";"Y. Desmet";17645;0,244897959183673;0,394736842105263;0,333333333333333;207,648361111111;207,648361111111;0;0;1;0;1;0;0;0
2023-11-25;"Reims";7;"Prix du Film Danse Avec Lui";"e755b81f685f98907aaadc3bb1615593";"lose";"lose";NA;10;"3";NA;"Joke du Houssel";"lose";0,947332799434662;0,0526672676205635;0,0275731054057761;"20:00:00";4;"2550";"M";"L. Piton";"B. Piton";13120;0,176470588235294;0,111111111111111;0,0769230769230769;200,753;215,088730769231;0;0;1;0;0;0;0;0
2023-11-25;"Paris-Vincennes";8;"Prix Maurice Thévenon";"49e76b5b838593b9c440687c8a67cff1";"lose";"lose";NA;14;"10";NA;"Ebenito d'Aurcy";"lose";0,905716955661774;0,0942829623818398;0,0616147629796327;"18:10:00";1;"2700";"A";"Mlle A. Renaudin";"C. Lelarge";116045;0,470588235294118;0,45;0,846153846153846;207,70775;225,293255681818;0;0;0;1;1;1;1;0
2023-11-25;"Paris-Vincennes";8;"Prix Maurice Thévenon";"49e76b5b838593b9c440687c8a67cff1";"lose";"lose";NA;14;"12";NA;"Fakir des Landes";"lose";0,994464039802551;0,00553585449233651;0,00361773064632458;"18:10:00";1;"2700";"A";"J. Duprey";"E. Varin";117070;0,4375;0,168208578637511;0,173913043478261;207,51375;222,524905034722;0;0;1;0;0;0;0;0
2023-11-25;"Paris-Vincennes";8;"Prix Maurice Thévenon";"49e76b5b838593b9c440687c8a67cff1";"lose";"lose";NA;14;"11";NA;"Folco's Blues";"lose";0,939699709415436;0,060300175100565;0,03940670618096;"18:10:00";1;"2700";"A";"Mlle M. Trihollet";"B. Marie";116290;0,421052631578947;0,221206581352834;0,238095238095238;207,797666666667;217,053692063492;0;0;1;1;0;0;0;0
2023-11-25;"Paris-Vincennes";8;"Prix Maurice Thévenon";"49e76b5b838593b9c440687c8a67cff1";"lose";"lose";NA;14;"2";NA;"Fief";"lose";0,995202541351318;0,00479743629693985;0,00313516772148826;"18:10:00";1;"2700";"A";"PM. Allais";"M. Varin";83160;0,339622641509434;0,15668202764977;0,117647058823529;212,523;220,85215034965;0;1;0;0;0;0;0;0
2023-11-25;"Paris-Vincennes";8;"Prix Maurice Thévenon";"49e76b5b838593b9c440687c8a67cff1";"lose";"lose";NA;14;"13";NA;"Filygan";"lose";0,99132913351059;0,0086708189919591;0,00566645811217915;"18:10:00";1;"2700";"A";"I. Jublot";"M. Dabouis";118440;0,181818181818182;0,192488262910798;0,15;206,826;228,136545996401;0;0;1;1;0;0;0;0
2023-11-25;"Paris-Vincennes";8;"Prix Maurice Thévenon";"49e76b5b838593b9c440687c8a67cff1";"lose";"lose";NA;14;"5";NA;"François Nay";"lose";0,991536259651184;0,00846378412097692;0,0055311589639362;"18:10:00";1;"2700";"A";"H. Jouault";"G. Cogné";108835;0,361111111111111;0,2265625;0,19047619047619;202,743;232,573237890625;0;0;1;0;0;0;0;0
2023-11-25;"Paris-Vincennes";8;"Prix Maurice Thévenon";"49e76b5b838593b9c440687c8a67cff1";"lose";"lose";NA;14;"9";NA;"Funky Berry";"win";0,465619325637817;0,534380674362183;0,34922257171317;"18:10:00";1;"2700";"A";"C. Duchier";"C. Duchier";115850;0,578947368421053;0,41025641025641;0,7;202,527;210,117595486111;0;0;1;1;1;1;1;0
2023-11-25;"Paris-Vincennes";8;"Prix Maurice Thévenon";"49e76b5b838593b9c440687c8a67cff1";"lose";"lose";NA;14;"6";NA;"Galak de la Cavée";"lose";0,905393183231354;0,0946067720651627;0,0618263755168762;"18:10:00";1;"2700";"A";"T. Kantela";"A. Marie";112710;0,48;0,304878048780488;0,235294117647059;210,830833333333;221,19946875;0;0;1;1;0;0;0;0
2023-11-25;"Paris-Vincennes";8;"Prix Maurice Thévenon";"49e76b5b838593b9c440687c8a67cff1";"lose";"lose";NA;14;"3";NA;"Golf du Buisson";"lose";0,986408054828644;0,0135919209569693;0,00888244245879647;"18:10:00";1;"2700";"A";"C. Baty";"J. Menand";86110;0,328767123287671;0,372093023255814;0,482758620689655;202,635;221,723557692308;0;0;1;0;0;0;0;0
2023-11-25;"Paris-Vincennes";8;"Prix Maurice Thévenon";"49e76b5b838593b9c440687c8a67cff1";"lose";"lose";NA;14;"4";NA;"Helecho";"lose";0,819926917552948;0,180073007941246;0,117679328513191;"18:10:00";1;"2700";"A";"P. Troia";"H. Le Bec";91050;0,6;0,288461538461538;0,5;203,836555555556;219,037212903226;0;0;1;0;1;0;0;0
2023-11-25;"Paris-Vincennes";8;"Prix Maurice Thévenon";"49e76b5b838593b9c440687c8a67cff1";"lose";"lose";NA;14;"1";NA;"Heaven d'Ecajeul";"lose";0,658272624015808;0,341727405786514;0,223321929850991;"18:10:00";1;"2700";"A";"E. Frémiot";"JL. Dersoir";73055;0,666666666666667;0,260869565217391;0,409090909090909;202,608;216,58100462963;0;0;0;1;1;0;0;0
2023-11-25;"Paris-Vincennes";8;"Prix Maurice Thévenon";"49e76b5b838593b9c440687c8a67cff1";"lose";"lose";NA;14;"8";NA;"Héra du Donjon";"lose";0,961470127105713;0,038529884070158;0,0251796254025296;"18:10:00";1;"2700";"A";"J. Marc";"E. Varin";115795;0,272727272727273;0,168208578637511;0,535714285714286;202,689;220,56523;0;1;1;0;0;0;0;0
2023-11-25;"Paris-Vincennes";8;"Prix Maurice Thévenon";"49e76b5b838593b9c440687c8a67cff1";"lose";"lose";NA;14;"7";NA;"Hanugan";"lose";0,981347739696503;0,0186522509902716;0,0121894135989045;"18:10:00";1;"2700";"A";"F. Chapdelaine";"S. Provoost";115265;0,476190476190476;0,17432273262662;0,137931034482759;210,003416666667;218,208054375;0;0;1;0;0;0;0;0
2023-11-25;"Paris-Vincennes";8;"Prix Maurice Thévenon";"49e76b5b838593b9c440687c8a67cff1";"lose";"lose";NA;14;"14";NA;"Happy Danover";"lose";0,873412072658539;0,126587897539139;0,0827263283410195;"18:10:00";1;"2700";"A";"J. Barbier";"S. Provoost";119895;0,346938775510204;0,17432273262662;0,285714285714286;199,8302;221,564105193866;0;0;1;0;0;0;0;0
2023-11-25;"Paris-Vincennes";3;"Prix de Chenonceaux";"026e57042118f23516271241beef1a09";"lose";"lose";NA;14;"11";NA;"I Can Dream";"lose";0,991539537906647;0,00846042670309544;0,00466892731617081;"15:15:00";1;"2700";"A";"F. Lagadeuc";"LC. Abrivard";352005;0,316945606694561;0,302445302445302;0,5;212,503875;215,3175;0;0;0;1;1;1;1;0
2023-11-25;"Paris-Vincennes";3;"Prix de Chenonceaux";"026e57042118f23516271241beef1a09";"lose";"lose";NA;14;"12";NA;"Cash Bank Bigi";"lose";0,963701069355011;0,0362988263368607;0,020031682535244;"15:15:00";1;"2700";"A";"F. Nivard";"F. Souloy";352860;0,298357664233577;0,301790281329923;0,416666666666667;205,717166666667;198,602857142857;0;0;1;0;0;1;0;0
2023-11-25;"Paris-Vincennes";3;"Prix de Chenonceaux";"026e57042118f23516271241beef1a09";"lose";"lose";NA;14;"2";NA;"Cool Kronos";"lose";0,966853082180023;0,0331468991935253;0,0182922763262505;"15:15:00";1;"2700";"A";"N. Bazire";"JM. Bazire";156936;0,282178217821782;0,364247311827957;0,75;224,3563;224,3563;0;0;0;1;1;1;1;0
2023-11-25;"Paris-Vincennes";3;"Prix de Chenonceaux";"026e57042118f23516271241beef1a09";"lose";"lose";NA;14;"7";NA;"Isla Jet";"lose";0,991023063659668;0,00897694937884808;0,0049539728481368;"15:15:00";1;"2700";"A";"A. Collette";"T. Malmqvist";319528;0,272881355932203;0,331588132635253;0,363636363636364;206,263269230769;205,76;0;0;1;0;0;0;0;0
2023-11-25;"Paris-Vincennes";3;"Prix de Chenonceaux";"026e57042118f23516271241beef1a09";"lose";"lose";NA;14;"9";NA;"It's a Dollarmaker";"lose";0,750071346759796;0,249928653240204;0,137924333743124;"15:15:00";1;"2700";"A";"E. Raffin";"S. Guarato";347580;0,424766018718503;0,362980769230769;0,5;200,27840625;200,1975;0;0;1;0;1;1;0;0
2023-11-25;"Paris-Vincennes";3;"Prix de Chenonceaux";"026e57042118f23516271241beef1a09";"lose";"lose";NA;14;"3";NA;"Kagan";"lose";0,970668494701385;0,0293314047157764;0,0161866772805969;"15:15:00";1;"2700";"A";"R. Bergh";"R. Bergh";192757;0,398568019093079;0,376266280752533;0,666666666666667;157,1126;157,1126;0;0;1;0;1;0;0;0
2023-11-25;"Paris-Vincennes";3;"Prix de Chenonceaux";"026e57042118f23516271241beef1a09";"lose";"lose";NA;14;"5";NA;"Inexess Bleu";"lose";0,645424723625183;0,354575246572495;0,195674061422295;"15:15:00";1;"2700";"A";"A. Abrivard";"LC. Abrivard";303430;0,394122731201383;0,302445302445302;0,625;203,226136363636;200,6689375;0;0;1;1;0;0;1;0
2023-11-25;"Paris-Vincennes";3;"Prix de Chenonceaux";"026e57042118f23516271241beef1a09";"lose";"lose";NA;14;"8";NA;"J'Aime le Foot";"lose";0,995637595653534;0,00436247140169144;0,00240745090149165;"15:15:00";1;"2700";"A";"D. Thomain";"A. Lhérété";322250;0,340986394557823;0,248175182481752;0,375;200,584125;201,8223125;0;0;0;0;1;1;0;0
2023-11-25;"Paris-Vincennes";3;"Prix de Chenonceaux";"026e57042118f23516271241beef1a09";"lose";"lose";NA;14;"1";NA;"Indian Pacific";"lose";0,998491406440735;0,00150863837916404;0,000832549372022281;"15:15:00";1;"2700";"A";"G. Gillot";"G. Gillot";93880;0,214285714285714;0,278145695364238;0,5;203,289;215,056555555556;0;0;0;0;1;1;1;0
2023-11-25;"Paris-Vincennes";3;"Prix de Chenonceaux";"026e57042118f23516271241beef1a09";"lose";"lose";NA;14;"6";NA;"Jakartas des Prés";"lose";0,999252557754517;0,000747440848499537;0,000412478840281728;"15:15:00";1;"2700";"A";"M. Bézier";"M. Bézier";304070;0,214285714285714;0,253846153846154;0,285714285714286;187,223765625;189,584583333333;0;0;0;0;0;1;0;0
2023-11-25;"Paris-Vincennes";3;"Prix de Chenonceaux";"026e57042118f23516271241beef1a09";"lose";"lose";NA;14;"13";NA;"Juliet Papa Bravo";"lose";0,974300146102905;0,0256998352706432;0,0141825781520328;"15:15:00";1;"2700";"A";"T. Duvaldestin";"T. Duvaldestin";365250;0,514084507042254;0,487248322147651;0,5;186,55675;191,681416666667;0;0;0;0;1;0;0;0
2023-11-25;"Paris-Vincennes";3;"Prix de Chenonceaux";"026e57042118f23516271241beef1a09";"lose";"lose";NA;14;"14";NA;"Jushua Tree";"win";0,0551064573228359;0,944893598556519;0,521444093542157;"15:15:00";1;"2700";"A";"JM. Bazire";"JM. Bazire";367150;0,431952662721893;0,364247311827957;0,888888888888889;195,073730769231;190,475166666667;0;0;1;1;1;1;1;0
2023-11-25;"Paris-Vincennes";3;"Prix de Chenonceaux";"026e57042118f23516271241beef1a09";"lose";"lose";NA;14;"4";NA;"Global Dancer";"lose";0,956422090530396;0,0435778945684433;0,0240486714762714;"15:15:00";1;"2700";"A";"G. Gelormini";"F. Wallin";296637;0,284832451499118;0,402040816326531;0,545454545454545;152,677875562564;152,677875562564;0;0;1;0;0;1;0;0
2023-11-25;"Paris-Vincennes";3;"Prix de Chenonceaux";"026e57042118f23516271241beef1a09";"lose";"lose";NA;14;"10";NA;"Josh Power";"lose";0,929437577724457;0,070562481880188;0,0389402462439253;"15:15:00";1;"2700";"A";"S. Ernault";"S. Ernault";349330;0,377729257641921;0,444015444015444;0,538461538461538;193,02115;199,007666666667;0;0;1;1;1;1;0;0
2023-11-25;"Paris-Vincennes";4;"Prix de Manciet";"00302b42a91768757e96212d6871388a";"lose";"lose";NA;11;"8";NA;"Idéale de la Comte";"lose";0,632859408855438;0,367140680551529;0,232339432132735;"15:50:00";1;"2700";"A";"F. Lagadeuc";"A. Trihollet";65310;0,316945606694561;0,290909090909091;0,5;203,27625;213,043535714286;0;1;0;0;0;0;0;0
2023-11-25;"Paris-Vincennes";4;"Prix de Manciet";"00302b42a91768757e96212d6871388a";"lose";"lose";NA;11;"7";NA;"Indigote";"lose";0,89482194185257;0,105177968740463;0,0665602882615019;"15:50:00";1;"2700";"A";"M. Abrivard";"G. Marty";65185;0,348392701998262;0,142857142857143;0,666666666666667;201,14975;201,14975;0;0;1;1;1;1;0;0
2023-11-25;"Paris-Vincennes";4;"Prix de Manciet";"00302b42a91768757e96212d6871388a";"lose";"lose";NA;11;"3";NA;"I Love Rose Flower";"lose";0,991316139698029;0,00868378113955259;0,0054953996808464;"15:50:00";1;"2700";"A";"M. Mottier";"S. Roger";61060;0,289915966386555;0,207612456747405;0;209,58825;215,595285714286;0;0;1;0;0;0;0;0
2023-11-25;"Paris-Vincennes";4;"Prix de Manciet";"00302b42a91768757e96212d6871388a";"lose";"lose";NA;11;"11";NA;"Ibera";"lose";0,791142106056213;0,208857908844948;0,132172571736177;"15:50:00";1;"2700";"A";"B. Rochard";"YR. Le Mée";68640;0,325143325143325;0,188571428571429;0,2;203,8365;209,730666666667;0;1;1;0;0;0;0;0
2023-11-25;"Paris-Vincennes";4;"Prix de Manciet";"00302b42a91768757e96212d6871388a";"lose";"lose";NA;11;"12";NA;"Idée Noire";"lose";0,755257844924927;0,244742095470428;0,154881337026323;"15:50:00";1;"2700";"A";"E. Raffin";"J. Corbanie";69422;0,424766018718503;0,368055555555556;0,25;219,642947916667;219,642947916667;1;1;0;0;0;0;0;0
2023-11-25;"Paris-Vincennes";4;"Prix de Manciet";"00302b42a91768757e96212d6871388a";"lose";"lose";NA;11;"5";NA;"Iliade d'Urzy";"lose";0,893383145332336;0,106616802513599;0,0674708324738231;"15:50:00";1;"2700";"A";"M. Lenoir";"M. Lenoir";63380;0,363636363636364;0,388888888888889;0,45;201,231;213,594466666667;0;1;0;0;0;1;0;0
2023-11-25;"Paris-Vincennes";4;"Prix de Manciet";"00302b42a91768757e96212d6871388a";"lose";"lose";NA;11;"9";NA;"Italia Jador";"lose";0,977123558521271;0,0228764172643423;0,0144769949994217;"15:50:00";1;"2700";"A";"F. Nivard";"L. Laudren";67020;0,298357664233577;0,223214285714286;0,1875;197,904;212,375557692308;0;0;0;0;1;0;0;0
2023-11-25;"Paris-Vincennes";4;"Prix de Manciet";"00302b42a91768757e96212d6871388a";"lose";"lose";NA;11;"10";NA;"Idra";"lose";0,921126782894135;0,0788731202483177;0,0499136623637081;"15:50:00";1;"2700";"A";"F. Lecanu";"V. Lebarque";68300;0,273865414710485;0,313846153846154;0,333333333333333;199,2173;207,768090909091;0;0;1;0;0;0;0;0
2023-11-25;"Paris-Vincennes";4;"Prix de Manciet";"00302b42a91768757e96212d6871388a";"lose";"lose";NA;11;"6";NA;"Intuition Soyer";"lose";0,83057689666748;0,169423133134842;0,107216869793793;"15:50:00";1;"2700";"A";"A. Randon";"A. Randon";64340;0,212121212121212;0,277511961722488;0,357142857142857;211,329977272727;211,329977272727;0;0;1;1;1;0;0;0
2023-11-25;"Paris-Vincennes";4;"Prix de Manciet";"00302b42a91768757e96212d6871388a";"lose";"lose";NA;11;"1";NA;"Italie France";"lose";0,969366252422333;0,0306337047368288;0,0193860771625326;"15:50:00";1;"2700";"A";"S. Ernault";"S. Ernault";53450;0,377729257641921;0,444015444015444;0,272727272727273;207,927;209,548583333333;0;0;0;0;0;0;0;0
2023-11-25;"Paris-Vincennes";4;"Prix de Manciet";"00302b42a91768757e96212d6871388a";"lose";"lose";NA;11;"4";NA;"Istra";"lose";0,76283460855484;0,23716539144516;0,150086534369139;"15:50:00";1;"2700";"A";"JC. Piton";"R. Björling";62194;0,170940170940171;0,4;0,444444444444444;225,7385;225,7385;0;1;1;1;1;0;0;0
2023-11-25;"Paris-Vincennes";9;"Prix de Beauvoir";"0084d6ded1a5bcc9e760a6d7af185d35";"lose";"lose";NA;15;"14";NA;"Joulyo Vita";"lose";0,996273636817932;0,00372632616199553;0,00162316426249621;"18:45:00";1;"2100";"A";"L. Goetz";"B. Goetz";31965;0,326315789473684;0,276515151515151;0,5;198,6745;198,6745;0;0;0;0;0;1;0;0
2023-11-25;"Paris-Vincennes";9;"Prix de Beauvoir";"0084d6ded1a5bcc9e760a6d7af185d35";"lose";"lose";NA;15;"12";NA;"Jamshir";"lose";0,9959517121315;0,00404840102419257;0,00176345804877247;"18:45:00";1;"2100";"A";"J. Dubois";"J. Dubois";24210;0,246913580246914;0,256;0;153,9615;156,807333333333;0;0;1;0;0;0;0;0
2023-11-25;"Paris-Vincennes";9;"Prix de Beauvoir";"0084d6ded1a5bcc9e760a6d7af185d35";"lose";"lose";NA;15;"2";NA;"Jour Joyeux";"lose";0,99591326713562;0,00408672681078315;0,00178015252059846;"18:45:00";1;"2100";"A";"F. Lecanu";"T. Raffegeau";40880;0,273865414710485;0,234817813765182;0,2;154,805;167,389875;0;0;0;0;0;1;0;0
2023-11-25;"Paris-Vincennes";9;"Prix de Beauvoir";"0084d6ded1a5bcc9e760a6d7af185d35";"lose";"lose";NA;15;"11";NA;"Jytrace de Houelle";"lose";0,906539022922516;0,0934609845280647;0,0407110176159206;"18:45:00";1;"2100";"A";"G. Gelormini";"F. Leblanc";38490;0,284832451499118;0,259674134419552;0,333333333333333;146,08;146,08;0;0;1;0;0;1;0;0
2023-11-25;"Paris-Vincennes";9;"Prix de Beauvoir";"0084d6ded1a5bcc9e760a6d7af185d35";"lose";"lose";NA;15;"15";NA;"J'Envisage Dubrio";"lose";0,98404860496521;0,0159513652324677;0,00694831446786195;"18:45:00";1;"2100";"A";"F. Nivard";"A. Buisson";26570;0,298357664233577;0,28968253968254;0,307692307692308;153,489;168,03775;0;0;1;0;0;0;0;0
2023-11-25;"Paris-Vincennes";9;"Prix de Beauvoir";"0084d6ded1a5bcc9e760a6d7af185d35";"lose";"lose";NA;15;"5";NA;"Jackson Haufor";"lose";0,518914520740509;0,481085479259491;0,209557811955379;"18:45:00";1;"2100";"A";"D. Thomain";"C. Bigeon";41575;0,340986394557823;0,254285714285714;0,666666666666667;160,18575;160,18575;0;0;0;0;1;1;0;0
2023-11-25;"Paris-Vincennes";9;"Prix de Beauvoir";"0084d6ded1a5bcc9e760a6d7af185d35";"lose";"lose";NA;15;"1";NA;"Jackao de Guez";"lose";0,938363552093506;0,061636496335268;0,0268484705223197;"18:45:00";1;"2100";"A";"G. Horrach Vidal";"JM. Bazire";42790;0,0895522388059701;0,364247311827957;0,25;155,491;155,505;0;0;1;0;0;0;0;0
2023-11-25;"Paris-Vincennes";9;"Prix de Beauvoir";"0084d6ded1a5bcc9e760a6d7af185d35";"lose";"lose";NA;15;"10";NA;"Juanito Goberna";"lose";0,991166353225708;0,008833565749228;0,00384784573631605;"18:45:00";1;"2100";"A";"G. Porzio Jr";"A. Bigliardi";38300;0,191304347826087;0,270967741935484;0,0714285714285714;153,93;148,003671428571;0;0;0;0;0;0;0;0
2023-11-25;"Paris-Vincennes";9;"Prix de Beauvoir";"0084d6ded1a5bcc9e760a6d7af185d35";"lose";"lose";NA;15;"9";NA;"Junkies Minds";"lose";0,539831697940826;0,460168302059174;0,200446420996066;"18:45:00";1;"2100";"A";"S. Ernault";"S. Ernault";42950;0,377729257641921;0,444015444015444;0,5;210,881008928571;210,881008928571;0;0;0;0;1;1;0;0
2023-11-25;"Paris-Vincennes";9;"Prix de Beauvoir";"0084d6ded1a5bcc9e760a6d7af185d35";"lose";"lose";NA;15;"6";NA;"Juan Perrine";"lose";0,800687491893768;0,199312433600426;0,0868192437341849;"18:45:00";1;"2100";"A";"M. Abrivard";"JF. Mary";40975;0,348392701998262;0,198473282442748;0,384615384615385;151,326;167,5305;0;0;1;1;0;0;0;0
2023-11-25;"Paris-Vincennes";9;"Prix de Beauvoir";"0084d6ded1a5bcc9e760a6d7af185d35";"lose";"lose";NA;15;"3";NA;"Jim Cade";"lose";0,59897655248642;0,40102344751358;0,174683293981567;"18:45:00";1;"2100";"A";"E. Raffin";"W. Michel";43865;0,424766018718503;0,242424242424242;0,285714285714286;157,0117;157,0117;0;0;1;0;0;1;0;0
2023-11-25;"Paris-Vincennes";9;"Prix de Beauvoir";"0084d6ded1a5bcc9e760a6d7af185d35";"lose";"lose";NA;15;"13";NA;"Jus de Raisin";"lose";0,980709135532379;0,0192908607423306;0,00840297772886678;"18:45:00";1;"2100";"A";"R. Bouvier";"B. Goetz";16505;0,27807486631016;0,276515151515151;0,166666666666667;210,98;210,98;0;0;1;0;0;1;0;0
2023-11-25;"Paris-Vincennes";9;"Prix de Beauvoir";"0084d6ded1a5bcc9e760a6d7af185d35";"lose";"lose";NA;15;"7";NA;"Jaha Man du Pont";"lose";0,86101222038269;0,138987720012665;0,0605421775343393;"18:45:00";1;"2100";"A";"N. Bazire";"JM. Bazire";43090;0,282178217821782;0,364247311827957;0,333333333333333;154,4865;153,447;0;0;1;0;0;0;0;0
2023-11-25;"Paris-Vincennes";9;"Prix de Beauvoir";"0084d6ded1a5bcc9e760a6d7af185d35";"lose";"lose";NA;15;"4";NA;"Jeu de Mots";"lose";0,700873851776123;0,299126148223877;0,130297470663472;"18:45:00";1;"2100";"A";"B. Rochard";"V. Lebarque";44130;0,325143325143325;0,313846153846154;0,333333333333333;173,668071428571;173,668071428571;1;0;0;0;0;1;0;0
2023-11-25;"Paris-Vincennes";9;"Prix de Beauvoir";"0084d6ded1a5bcc9e760a6d7af185d35";"lose";"lose";NA;15;"8";NA;"Jaguar de Belfond";"lose";0,895021021366119;0,1049789711833;0,04572818023184;"18:45:00";1;"2100";"A";"A. Barrier";"E. Varin";43085;0,345661450924609;0,168208578637511;0,380952380952381;191,26695;191,26695;0;0;0;0;0;1;0;0
2023-11-25;"Paris-Vincennes";6;"Prix de Béthune";"d51fb7638e3993a298d357e538eb57b3";"lose";"lose";NA;14;"8";NA;"Ivalo du Bocage";"lose";0,966780364513397;0,0332195311784744;0,0115878711292662;"17:00:00";1;"2700";"A";"CJ. Bigeon";"CJ. Bigeon";66230;0,169642857142857;0,22;0,294117647058824;204,02475;209,171517857143;0;0;1;0;0;1;0;0
2023-11-25;"Paris-Vincennes";6;"Prix de Béthune";"d51fb7638e3993a298d357e538eb57b3";"lose";"lose";NA;14;"2";NA;"I Love Igny";"lose";0,999722003936768;0,000277992279734462;9,69712274139873e-05;"17:00:00";1;"2700";"A";"P. Vercruysse";"P. Godey";59930;0,237113402061856;0,206422018348624;0;193,348840909091;203,9108125;0;0;0;0;0;0;1;0
2023-11-25;"Paris-Vincennes";6;"Prix de Béthune";"d51fb7638e3993a298d357e538eb57b3";"lose";"lose";NA;14;"5";NA;"In Petto";"lose";0,96081268787384;0,0391872301697731;0,0136695659755268;"17:00:00";1;"2700";"A";"G. Gelormini";"N. Catherine";62200;0,284832451499118;0,235294117647059;0,166666666666667;183,4375;215,375975;0;0;1;0;0;0;0;0
2023-11-25;"Paris-Vincennes";6;"Prix de Béthune";"d51fb7638e3993a298d357e538eb57b3";"lose";"lose";NA;14;"10";NA;"Illico de Vau";"lose";0,87423050403595;0,125769481062889;0,0438717973086814;"17:00:00";1;"2700";"A";"F. Prioul";"B. Angot";67485;0,245901639344262;0,292134831460674;0,529411764705882;222,4425;218,291625;0;0;0;0;0;0;0;0
2023-11-25;"Paris-Vincennes";6;"Prix de Béthune";"d51fb7638e3993a298d357e538eb57b3";"lose";"lose";NA;14;"1";NA;"Ibra Téjy";"lose";0,906613647937775;0,0933863520622253;0,0325756858853735;"17:00:00";1;"2700";"A";"T. Chalon";"C. Chalon";53770;0,180851063829787;0,231404958677686;0,222222222222222;200,844;212,457471354167;1;1;1;0;0;0;0;0
2023-11-25;"Paris-Vincennes";6;"Prix de Béthune";"d51fb7638e3993a298d357e538eb57b3";"lose";"lose";NA;14;"12";NA;"Illico de Busset";"win";0,420158177614212;0,579841792583466;0,202264503123807;"17:00:00";1;"2700";"A";"D. Thomain";"C. Cuiller";69460;0,340986394557823;0,321428571428571;0,833333333333333;226,42261;226,42261;0;0;1;1;1;1;0;0
2023-11-25;"Paris-Vincennes";6;"Prix de Béthune";"d51fb7638e3993a298d357e538eb57b3";"lose";"lose";NA;14;"9";NA;"Imoko Atout";"lose";0,81540721654892;0,184592768549919;0,0643909512707689;"17:00:00";1;"2700";"A";"A. Collette";"G. Jouve";66305;0,272881355932203;0,258536585365854;0,375;215,45325;215,696020833333;0;0;1;1;0;0;0;0
2023-11-25;"Paris-Vincennes";6;"Prix de Béthune";"d51fb7638e3993a298d357e538eb57b3";"lose";"lose";NA;14;"11";NA;"Irving Herold";"lose";0,804910719394684;0,195089295506477;0,068052423825092;"17:00:00";1;"2700";"A";"F. Nivard";"N. Delamarre";69200;0,298357664233577;0,315789473684211;0,444444444444444;194,78475;225,915875;0;0;1;1;0;0;0;0
2023-11-25;"Paris-Vincennes";6;"Prix de Béthune";"d51fb7638e3993a298d357e538eb57b3";"lose";"lose";NA;14;"14";NA;"Il Presidente";"lose";0,900942623615265;0,0990574359893799;0,0345539133732347;"17:00:00";1;"2700";"A";"F. Lecanu";"S. Guarato";69780;0,273865414710485;0,362980769230769;0,5;197,5367;197,5367;0;0;1;0;0;1;0;0
2023-11-25;"Paris-Vincennes";6;"Prix de Béthune";"d51fb7638e3993a298d357e538eb57b3";"lose";"lose";NA;14;"7";NA;"Ikilik";"lose";0,827469110488892;0,172530800104141;0,0601834103767084;"17:00:00";1;"2700";"A";"R. Lamy";"T. Levesque";66130;0,257309941520468;0,324022346368715;0,333333333333333;243,021299479167;243,021299479167;0;0;1;1;0;1;0;0
2023-11-25;"Paris-Vincennes";6;"Prix de Béthune";"d51fb7638e3993a298d357e538eb57b3";"lose";"lose";NA;14;"6";NA;"Interim Boy";"win";0,454788357019424;0,545211553573608;0,190184538940509;"17:00:00";1;"2700";"A";"Y. Dreux";"Y. Dreux";64520;0,343137254901961;0,333333333333333;0,5;200,916;208,751458333333;0;0;1;1;1;0;0;0
2023-11-25;"Paris-Vincennes";6;"Prix de Béthune";"d51fb7638e3993a298d357e538eb57b3";"lose";"lose";NA;14;"3";NA;"Idéal Rânais";"lose";0,837824285030365;0,162175670266151;0,0565712609624144;"17:00:00";1;"2700";"A";"B. Rochard";"AP. Grimault";61400;0,325143325143325;0,257575757575758;0,214285714285714;238,02675;226,643331473214;0;0;1;0;1;1;0;0
2023-11-25;"Paris-Vincennes";6;"Prix de Béthune";"d51fb7638e3993a298d357e538eb57b3";"lose";"lose";NA;14;"4";NA;"Imperator d'Ela";"lose";0,799429655075073;0,200570225715637;0,0699643205520814;"17:00:00";1;"2700";"A";"A. Barrier";"M. Varin";62135;0,345661450924609;0,15668202764977;0,4;223,6733;223,6733;0;1;1;1;0;1;0;0
2023-11-25;"Paris-Vincennes";6;"Prix de Béthune";"d51fb7638e3993a298d357e538eb57b3";"lose";"lose";NA;14;"13";NA;"In To Marancourt";"lose";0,56415992975235;0,435840010643005;0,152032786049123;"17:00:00";1;"2700";"A";"M. Abrivard";"M. Abrivard";69695;0,348392701998262;0,376395534290271;0,625;218,998791666667;218,998791666667;1;1;0;1;0;0;0;0
2023-11-25;"Paris-Vincennes";5;"Prix de Bagnoles-de-l'Orne (Prix Daniel Miette)";"ff03fbd630460fa75082efaae75477b7";"lose";"lose";NA;16;"5";NA;"Doruck";"lose";0,995746076107025;0,00425394857302308;0,00260526705230524;"16:25:00";1;"2700";"A";"M. Mottier";"G. Marty";333220;0,289915966386555;0,142857142857143;0;200,670583333333;201,377642857143;0;0;1;0;0;0;0;0
2023-11-25;"Paris-Vincennes";5;"Prix de Bagnoles-de-l'Orne (Prix Daniel Miette)";"ff03fbd630460fa75082efaae75477b7";"lose";"lose";NA;16;"3";NA;"Eurêka Vrie";"lose";0,958900690078735;0,041099276393652;0,0251706358983732;"16:25:00";1;"2700";"A";"T. Chalon";"T. Chalon";317160;0,180851063829787;0,333333333333333;0,333333333333333;201,985285714286;212,071125;0;0;0;0;0;1;0;0
2023-11-25;"Paris-Vincennes";5;"Prix de Bagnoles-de-l'Orne (Prix Daniel Miette)";"ff03fbd630460fa75082efaae75477b7";"lose";"lose";NA;16;"4";NA;"Eclair Gold";"lose";0,865211546421051;0,134788542985916;0,0825492231608911;"16:25:00";1;"2700";"A";"D. Thomain";"S. Roger";326940;0,340986394557823;0,207612456747405;0,230769230769231;204,24675;204,271181818182;0;0;1;1;0;0;0;0
2023-11-25;"Paris-Vincennes";5;"Prix de Bagnoles-de-l'Orne (Prix Daniel Miette)";"ff03fbd630460fa75082efaae75477b7";"lose";"lose";NA;16;"6";NA;"Eclat des Noix";"lose";0,978612959384918;0,0213869623839855;0,0130981245991633;"16:25:00";1;"2700";"A";"B. Rochard";"L. Lerenard";342030;0,325143325143325;0,210862619808307;0,266666666666667;215,65375;213,54125;0;0;1;0;1;1;0;0
2023-11-25;"Paris-Vincennes";5;"Prix de Bagnoles-de-l'Orne (Prix Daniel Miette)";"ff03fbd630460fa75082efaae75477b7";"lose";"lose";NA;16;"2";NA;"Félix du Bourg";"lose";0,994852662086487;0,00514741474762559;0,00315245702112683;"16:25:00";1;"2700";"A";"B. Marie";"B. Marie";313990;0,203703703703704;0,221206581352834;0,0833333333333333;205,31525;220,926275;0;0;1;0;0;0;0;0
2023-11-25;"Paris-Vincennes";5;"Prix de Bagnoles-de-l'Orne (Prix Daniel Miette)";"ff03fbd630460fa75082efaae75477b7";"lose";"lose";NA;16;"15";NA;"Face Time";"lose";0,579915523529053;0,42008450627327;0,25727446032567;"16:25:00";1;"2700";"A";"M. Abrivard";"M. Abrivard";391110;0,348392701998262;0,376395534290271;0,454545454545455;205,9255;207,4355;0;0;1;1;0;0;1;0
2023-11-25;"Paris-Vincennes";5;"Prix de Bagnoles-de-l'Orne (Prix Daniel Miette)";"ff03fbd630460fa75082efaae75477b7";"lose";"lose";NA;16;"12";NA;"Flower By Magalou";"lose";0,990256190299988;0,00974379386752844;0,00596744053007808;"16:25:00";1;"2700";"A";"S. Ernault";"A. Pereira";366185;0,377729257641921;0,185393258426966;0,111111111111111;204,41634375;206,205025974026;0;0;1;0;0;0;0;0
2023-11-25;"Paris-Vincennes";5;"Prix de Bagnoles-de-l'Orne (Prix Daniel Miette)";"ff03fbd630460fa75082efaae75477b7";"lose";"lose";NA;16;"9";NA;"Flaya Kalouma";"lose";0,994775295257568;0,00522469356656075;0,00319978527565477;"16:25:00";1;"2700";"A";"GA. Pou Pou";"GA. Pou Pou";359560;0,166064981949458;0,159090909090909;0,0909090909090909;203,640734375;202,555285714286;0;0;1;0;1;0;0;0
2023-11-25;"Paris-Vincennes";5;"Prix de Bagnoles-de-l'Orne (Prix Daniel Miette)";"ff03fbd630460fa75082efaae75477b7";"lose";"lose";NA;16;"11";NA;"Gaudéo";"lose";0,91844767332077;0,0815522894263268;0,0499454774864571;"16:25:00";1;"2700";"A";"A. Dabouis";"M. Dabouis";364060;0,191335740072202;0,192488262910798;0,411764705882353;206,772277777778;225,690869435612;0;0;1;1;0;1;0;0
2023-11-25;"Paris-Vincennes";5;"Prix de Bagnoles-de-l'Orne (Prix Daniel Miette)";"ff03fbd630460fa75082efaae75477b7";"lose";"lose";NA;16;"1";NA;"Good Girl Marceaux";"lose";0,998439311981201;0,00156064843758941;0,00095579574714837;"16:25:00";1;"2700";"A";"P. Vercruysse";"P. Vercruysse";305370;0,237113402061856;0,317919075144509;0;208,1355;218,279833333333;0;0;0;1;1;1;1;0
2023-11-25;"Paris-Vincennes";5;"Prix de Bagnoles-de-l'Orne (Prix Daniel Miette)";"ff03fbd630460fa75082efaae75477b7";"lose";"lose";NA;16;"10";NA;"Giboulée de Mars";"lose";0,913121342658997;0,0868786126375198;0,0532075043149076;"16:25:00";1;"2700";"A";"E. Raffin";"F. Senet";362540;0,424766018718503;0,303370786516854;0,166666666666667;203,350225;201,5691;0;0;1;0;1;0;0;0
2023-11-25;"Paris-Vincennes";5;"Prix de Bagnoles-de-l'Orne (Prix Daniel Miette)";"ff03fbd630460fa75082efaae75477b7";"lose";"lose";NA;16;"16";NA;"Galiléo Bello";"lose";0,615336179733276;0,384663760662079;0,235581555504457;"16:25:00";1;"2700";"A";"G. Gelormini";"Mme AF. Donati-Marcillac";397670;0,284832451499118;0,212121212121212;0,538461538461538;209,812410714286;210,860694444444;0;0;1;1;0;1;0;0
2023-11-25;"Paris-Vincennes";5;"Prix de Bagnoles-de-l'Orne (Prix Daniel Miette)";"ff03fbd630460fa75082efaae75477b7";"lose";"lose";NA;16;"14";NA;"Grâce du Digeon";"lose";0,928396821022034;0,0716031491756439;0,0438522756414127;"16:25:00";1;"2700";"A";"C. Dreux";"C. Dreux";383640;0,166666666666667;0,282722513089005;0,555555555555556;204,737363636364;208,3978125;0;0;1;0;0;1;0;0
2023-11-25;"Paris-Vincennes";5;"Prix de Bagnoles-de-l'Orne (Prix Daniel Miette)";"ff03fbd630460fa75082efaae75477b7";"lose";"lose";NA;16;"8";NA;"Giant Chief";"lose";0,990293145179749;0,00970678962767124;0,00594477783793673;"16:25:00";1;"2700";"A";"F. Nivard";"F. Souloy";354050;0,298357664233577;0,301790281329923;0;198,9585;197,154;0;0;1;0;0;0;0;0
2023-11-25;"Paris-Vincennes";5;"Prix de Bagnoles-de-l'Orne (Prix Daniel Miette)";"ff03fbd630460fa75082efaae75477b7";"lose";"lose";NA;16;"7";NA;"Girly Béco";"lose";0,999850511550903;0,000149599160067737;9,16197636352806e-05;"16:25:00";1;"2700";"A";"M. Bézier";"M. Bézier";350370;0,214285714285714;0,253846153846154;0;206,90175;210,44875;0;0;0;0;1;0;0;0
2023-11-25;"Paris-Vincennes";5;"Prix de Bagnoles-de-l'Orne (Prix Daniel Miette)";"ff03fbd630460fa75082efaae75477b7";"lose";"lose";NA;16;"13";NA;"Galet Sted";"lose";0,645017623901367;0,354982316493988;0,217403599840783;"16:25:00";1;"2700";"A";"A. Barrier";"CA. Mary";378560;0,345661450924609;0,25531914893617;0,5;211,1648125;233,688441176471;0;0;1;1;1;1;0;0
2023-11-25;"Paris-Vincennes";7;"Prix d'Angles";"2a5538fb86aa01c5b0462f75e2ba12a4";"lose";"lose";NA;11;"8";NA;"Kanawa";"lose";0,90976619720459;0,0902338176965714;0,0510894851443247;"17:35:00";1;"2700";"A";"G. Gelormini";"P. Allaire";60720;0,284832451499118;0,443548387096774;0;179,765;196,2241875;0;0;0;0;0;0;0;0
2023-11-25;"Paris-Vincennes";7;"Prix d'Angles";"2a5538fb86aa01c5b0462f75e2ba12a4";"lose";"lose";NA;11;"2";NA;"Kash Lady";"lose";0,752591669559479;0,247408360242844;0,140080139219121;"17:35:00";1;"2700";"A";"D. Thomain";"P. Allaire";46760;0,340986394557823;0,443548387096774;0,571428571428571;210,753;212,5095625;0;0;0;0;0;1;0;0
2023-11-25;"Paris-Vincennes";7;"Prix d'Angles";"2a5538fb86aa01c5b0462f75e2ba12a4";"lose";"lose";NA;11;"3";NA;"Kembla";"lose";0,951371312141418;0,0486287474632263;0,0275331104737689;"17:35:00";1;"2700";"A";"M. Abrivard";"S. Guarato";48260;0,348392701998262;0,362980769230769;0,0909090909090909;194,38945;210,77625;0;0;0;0;0;0;0;0
2023-11-25;"Paris-Vincennes";7;"Prix d'Angles";"2a5538fb86aa01c5b0462f75e2ba12a4";"lose";"lose";NA;11;"10";NA;"Kill Joy Lady";"win";0,404793918132782;0,595206022262573;0,33699969710305;"17:35:00";1;"2700";"A";"T. Duvaldestin";"T. Duvaldestin";67580;0,514084507042254;0,487248322147651;0,714285714285714;190,57275;196,706791666667;0;0;0;1;1;1;1;0
2023-11-25;"Paris-Vincennes";7;"Prix d'Angles";"2a5538fb86aa01c5b0462f75e2ba12a4";"lose";"lose";NA;11;"6";NA;"Kaguya Jiel";"lose";0,981777667999268;0,0182223357260227;0,0103173042450681;"17:35:00";1;"2700";"A";"F. Nivard";"JL. Dersoir";58440;0,298357664233577;0,260869565217391;0,428571428571429;211,82825;213,933665865385;0;0;0;0;0;0;0;0
2023-11-25;"Paris-Vincennes";7;"Prix d'Angles";"2a5538fb86aa01c5b0462f75e2ba12a4";"lose";"lose";NA;11;"7";NA;"Keen of the Night";"lose";0,887698233127594;0,112301774322987;0,0635841414828394;"17:35:00";1;"2700";"A";"A. Barrier";"JP. Raffegeau";59070;0,345661450924609;0,273809523809524;0,272727272727273;201,057333333333;205,67171875;0;0;0;1;1;0;0;0
2023-11-25;"Paris-Vincennes";7;"Prix d'Angles";"2a5538fb86aa01c5b0462f75e2ba12a4";"lose";"lose";NA;11;"1";NA;"Kinasse de Vivoin";"lose";0,992181658744812;0,00781836733222008;0,00442668139139932;"17:35:00";1;"2700";"A";"F. Lecanu";"T. Raffegeau";45000;0,273865414710485;0,234817813765182;0;183,169946428571;196,619931818182;0;0;0;0;0;0;0;0
2023-11-25;"Paris-Vincennes";7;"Prix d'Angles";"2a5538fb86aa01c5b0462f75e2ba12a4";"lose";"lose";NA;11;"4";NA;"Keen Winner";"lose";0,728626072406769;0,271373957395554;0,153649220645172;"17:35:00";1;"2700";"A";"B. Rochard";"T. Lamare";54010;0,325143325143325;0,291139240506329;0,571428571428571;201,201;207,265214285714;0;0;0;1;1;0;1;0
2023-11-25;"Paris-Vincennes";7;"Prix d'Angles";"2a5538fb86aa01c5b0462f75e2ba12a4";"lose";"lose";NA;11;"11";NA;"Killer Queen";"lose";0,860663115978241;0,139336913824081;0,0788911670878129;"17:35:00";1;"2700";"A";"A. Collette";"T. Malmqvist";67620;0,272881355932203;0,331588132635253;0,636363636363636;197,709214285714;201,403225;0;0;0;1;0;0;0;0
2023-11-25;"Paris-Vincennes";7;"Prix d'Angles";"2a5538fb86aa01c5b0462f75e2ba12a4";"lose";"lose";NA;11;"5";NA;"Kira Bo Face";"lose";0,91086357831955;0,0891363918781281;0,0504681336213636;"17:35:00";1;"2700";"A";"R. Bot";"W. Nimczyk";54570;0,466867469879518;0,599458728010825;0,538461538461538;205,227;206,4018125;0;0;0;0;0;0;0;0
2023-11-25;"Paris-Vincennes";7;"Prix d'Angles";"2a5538fb86aa01c5b0462f75e2ba12a4";"lose";"lose";NA;11;"9";NA;"Kalmia Quick";"lose";0,853475093841553;0,146524876356125;0,08296091958608;"17:35:00";1;"2700";"A";"E. Raffin";"JM. Baudouin";61300;0,424766018718503;0,352517985611511;0,545454545454545;205,308;199,320090909091;0;0;0;1;1;1;0;0
